Pack,Freestyle Channel,Title,BPM,Composer,Vocalist,Genre,4B Normal,4B Hard,4B Maximum,4B SC,5B Normal,5B Hard,5B Maximum,5B SC,6B Normal,6B Hard,6B Maximum,6B SC,8B Normal,8B Hard,8B Maximum,8B SC,Platform Exclusivity
Base,Respect,2Nite,110,ND Lee,ND Lee,Funk,4,6,,,4,9,,,3,8,,,4,8,,,
Base,Respect,Always,135,"YUGI, Mool",Shin Ji,Pop,4,6,,,6,9,,,5,10,,,6,10,,,
Base,Respect,Armored Phantom,151,ned,,Epic Music,3,7,,,6,11,,,7,9,12,,6,11,,,
Base,Respect,Beautiful Day,83,ND Lee,Flower kim,Cute Pop,3,6,8,,4,8,,,2,8,,,4,8,,,
Base,Respect,Beyond Yourself,90,Mycin.T,,Progressive Rock,6,9,,,6,10,,,7,9,12,,6,11,,,
Base,Respect,Binary World,182,Tsukasa,Aki Misawa,Melodic Trance,5,8,13,,5,7,13,15,9,12,13,,5,7,13,15,
Base,Respect,BlackCat,130,BEXTER,JC,Nu Funk,5,11,,,6,11,,14,5,8,12,13,7,12,,,
Base,Respect,Bleed,145,Axol & The Tech Thieves,,Electronica/Downtempo,4,5,,,5,9,,,5,9,,,5,9,,,
Base,Respect,Boom!,175,BEXTER,DyoN Joo,Funk Rock,4,8,12,,4,8,12,15,5,9,13,,6,10,13,15,
Base,Respect,"Bullet, Wanted!",150,Mycin.T,,Blues Rock,4,8,,,7,10,,,6,9,11,,7,11,,,
Base,Respect,Child of Night,130,GOTH,,Electro House,6,8,,15,7,9,12,,7,10,12,15,7,9,12,,
Base,Respect,Don't Die,175,Paul Bazooka,,Drum'n Bass,5,9,13,15,7,10,14,,8,11,14,15,7,10,14,,
Base,Respect,Enter The Universe,162,GOTH,,Hard Trance,6,9,12,,7,10,14,15,9,12,14,15,7,10,14,,
Base,Respect,Far East Princess,102,Nauts,LIM RYU,Oriental Ballad,5,7,10,,5,10,,,3,9,10,,5,9,,,
Base,Respect,Fly Away,140,XeoN,,Melodic Trance,3,10,,,6,10,,,4,,11,,6,10,,,
Base,Respect,glory day,162,"BEXTER, Mycin.T",DyoN Joo,J-Rock,8,10,,13,7,10,,,6,11,,14,7,10,,13,
Base,Respect,Groovin Up,120,Mycin.T,honey,Disco Funk,3,6,,,5,9,,,5,8,11,,5,9,,,
Base,Respect,Heavenly,125,makou,,Tropical House,5,7,,,4,8,,,5,9,12,,4,9,,,
Base,Respect,Kingdom,120,Phantom Sage,Miss Lina,House,5,,11,,5,7,,,5,,8,,6,11,,,
Base,Respect,KILLER BEE,116-155,GOTH,MuChi,Hybrid Trap,4,6,11,15,7,11,,,8,9,13,,7,12,,15,
Base,Respect,Kung Brother,145,Paul Bazooka,,Kungplextro,6,9,,,6,11,,,8,10,13,,6,11,,,
Base,Respect,Liar,140,zts,,Trance,6,9,,,8,12,,,8,10,13,,8,13,,,
Base,Respect,Lift You Up,88,makou,ASUKA,R&B,2,5,,,4,7,,,3,7,,,4,7,,,
Base,Respect,Mulch,200,Sampling Masters MEGA,,Gabber,6,12,,,7,,14,15,8,12,14,15,7,,15,,
Base,Respect,NB RANGER - Virgin Force,198,NieN,Ace (of Paran),Hard Rock,5,9,,15,7,12,15,,7,12,14,15,7,11,15,,
Base,Respect,NEON 1989 (ESTi Remix),120,"OREO, ESTi",YUKIKA,City Pop,4,6,,,3,7,,,4,6,,,5,9,,,
Base,Respect,Only for you,122,NieN,Lee Ji Ae,K-POP,1,4,9,12,5,7,10,,4,7,11,13,5,7,10,13,
Base,Respect,OPEN FIRE,140,JC,JC,Hip Hop,4,7,,,4,8,,,5,7,,,5,8,,,
Base,Respect,Over Your Dream,174,xxdbxx,???,Pop Rock,5,11,,,5,11,,,5,10,11,,7,12,,,
Base,Respect,quixotic,174,bermei.inazawa,foolen,Polypops,7,12,,15,7,11,,,6,,13,15,7,11,13,,
Base,Respect,Remains Of Doom,124,NieN,NieN,Industrial Rock,7,13,,,6,9,14,15,9,12,15,,6,10,13,15,
Base,Respect,Royal Clown,143-164,bermei.inazawa,,Theatrical,6,9,14,,7,11,,15,7,10,13,15,7,10,14,,
Base,Respect,Runaway,140,LeeZu,LeeZu,Progressive Rock,6,10,,,8,11,,15,9,11,12,15,8,13,,,
Base,Respect,Running girl,170,Mycin.T,Ssong,Pop Rock,5,7,,13,5,9,,,4,10,12,14,6,10,,,
Base,Respect,Ruti'n (GOTH Wild Electro Remix),112,"BEXTER, GOTH","So Fly, JC",Moombahcore,6,10,,,4,10,,,7,10,13,,9,12,,,
Base,Respect,Secret Dejavu,160,DINY,Creha,Ani Pop,4,6,10,14,5,10,,,6,8,11,15,5,10,,,
Base,Respect,So Happy,126,Raven & Kreyn,,Future House,5,10,,,5,9,,,4,7,11,,5,10,12,,
Base,Respect,Shadow Flower,142,ned,moa,Pop,3,6,,,6,9,,,5,11,,,6,9,,,
Base,Respect,Soar ~Stay With Me~,142,Mycin.T,moa,Electronic Rock,4,7,,,6,10,,,6,10,11,,7,11,,,
Base,Respect,The Feelings,130,Supbaby,Wes Joseph,Disco Funk,5,7,,,6,9,,,6,10,,,6,10,,,
Base,Respect,The Lost Story,70,Neowiz Bless Team,Kim Min Seon,Pop Rock,1,4,,,4,8,,,2,7,,,4,6,,,
Base,Respect,The Obilterator,186,GOTH,,Drumstep,5,8,,,7,11,,,8,,13,,7,11,,,
Base,Respect,Tok! Tok! Tok!,178,STARTRACK,Lena,Pop,4,7,,,4,7,,,4,6,10,,5,8,11,,
Base,Respect,U.A.D,129,HAYAKO,,Future House,3,6,,,5,10,,15,6,8,11,,8,,12,13,
Base,Respect,Void,127,Kobayashi Tetsuya,,,3,7,11,,5,11,,,5,10,,,6,11,,,
Base,Respect,voldenuit,105,Cuve,,Electronica,5,9,12,15,4,9,12,,5,9,12,15,6,9,13,,
Base,Respect,waiting for me,150,Croove,Nina Park,Pop Rock,3,8,,,4,8,,,4,9,,,5,9,,,
Base,Respect,Waiting for you,175,Mycin.T,Ssong,School Rock,4,8,,14,6,10,,,6,12,,15,7,11,,,
Base,Respect,We're All Gonna Die,180,Paul Bazooka,,Neurofunk,8,12,14,,8,12,,15,11,13,15,15,8,12,15,,
Base,Respect,WHY,84,Nauts,,Piano,3,7,,,5,10,,,2,7,10,,4,7,,,
Respect V,Respect,Alone,142,marshmello,,,6,10,,,4,8,,,5,8,12,,5,8,12,,
Respect V,Respect,Get Jinxed,180,Riot Games,Agnete Kjølsrud,,5,8,13,,5,8,12,14,5,9,11,14,5,8,12,14,
Respect V,Respect,Ghost Voices,120,Virtual Self,,,4,9,,,5,11,,,6,10,,,6,11,,,
Respect V,Respect,POP/STARS,170,Riot Games,K/DA,,5,9,12,,5,8,12,15,5,8,11,14,5,9,13,15,
Respect V,Respect,Sad Machine,177,Porter Robinson,"Avanna, Porter Robinson",,3,5,8,,5,7,10,12,4,7,10,14,5,7,10,,
TAP SONIC,Respect,Chemical Slave,150,XeoN,,Euro Dance,5,11,,14,6,,11,,6,12,,15,3,8,14,,
TAP SONIC,Respect,comet,109,Mycin.T,,,3,8,,,5,9,,,6,10,,,5,11,,,
TAP SONIC,Respect,RockSTAR,126,Mr.Funky,,Electro House,5,9,,,4,11,,,4,11,,,3,7,13,,
TAP SONIC,Respect,Watch Your Step,130,XeoN,Vocal Forge(on Vocal Sample),90's Dance,4,,12,,5,8,,13,3,,10,14,3,6,13,,
Base,Portable 1,A.I,138,Forte Escape,,Techno,4,9,,,8,12,,14,7,11,13,,8,10,,14,
Base,Portable 1,Ask to wind,108,Forte Escape,Miya,R&B Fantasy,1,7,,,6,7,,,3,7,9,,4,8,,,
Base,Portable 1,Ask to wind Live Mix,210,Forte Escape,Miya,Live Pop,5,,12,15,6,10,,,7,11,,,7,,13,14,
Base,Portable 1,Astro Fight,183,Forte Escape,,Funky Stomp,8,13,,,8,11,,15,7,13,14,,8,12,,15,
Base,Portable 1,BlythE,170,M2U,Tari,Synth DnB,6,9,14,,6,11,,15,8,11,13,15,7,,14,,
Base,Portable 1,Bright Dream,130,M2U,Tari,Anime House,2,4,,,5,8,,,4,7,10,,6,9,,,
Base,Portable 1,Can We Talk,125,Forte Escape,Pyk,Acid Jazz,1,7,,,7,9,13,,5,8,11,,8,9,12,,
Base,Portable 1,Catch Me,145,Forte Escape,,Alternative Rock,3,6,,,6,,,,7,8,,,8,12,,,
Base,Portable 1,Chrono Breakers,178,NieN,NieN,Ani Pop,5,7,11,14,7,10,,,7,12,,14,8,12,,,
Base,Portable 1,CnP,127,CrooFE,,Electro Funk,3,8,12,,4,9,12,14,4,9,12,,5,10,12,14,
Base,Portable 1,Dreadnought,140,EarBreaker,,Big Beat,6,9,12,15,8,11,,,8,,13,15,8,13,,,
Base,Portable 1,Elastic STAR,132,Forte Escape,"So Fly, JC",Acid House,4,7,,,6,7,,,4,8,,,4,7,,,
Base,Portable 1,End of the Moonlight,155,Forte Escape,Miya,Techno Pop,3,7,10,,5,9,,14,5,9,12,14,7,11,,,
Base,Portable 1,Enemy Storm,133,Croove,JC,Hard Core,2,5,13,15,5,8,,,6,8,11,,5,10,14,14,
Base,Portable 1,Eternal Memory,125,M2U,Sanch,Fantasy Pop,2,6,,,3,9,,,2,7,,,5,7,,,
Base,Portable 1,Every Morning,150,ND Lee,Miya,80's 8bit,3,8,,,8,9,,,6,9,,,8,10,,,
Base,Portable 1,Extreme Z4,152,Forte Escape,,Break Beat,3,7,,,4,8,,,7,9,,,8,12,,,
Base,Portable 1,Fear,182,Supbaby,,DnB,4,9,,,5,9,12,,6,12,,,8,11,13,,
Base,Portable 1,Fever GJ,98,xxdbxx,Silver Water,Nu HnS,3,7,,,3,6,,,3,7,11,,7,,,,
Base,Portable 1,FTR,140,Supbaby,,Electro House,6,10,,,5,10,,14,8,11,,,7,11,,13,
Base,Portable 1,Funky Chups,127,Forte Escape,,Funky Electro,4,8,,,5,10,,,4,6,,,7,,,,
Base,Portable 1,Futurism,142,Forte Escape,,Electro Fusion,4,8,,,7,9,,,6,8,11,,8,10,,,
Base,Portable 1,HAMSIN,150,makou,,Trance,9,,15,15,6,9,13,,9,12,14,,6,9,14,15,
Base,Portable 1,JBG,102,Croove,JC,Yellow Hiphop,7,11,,,7,11,,15,7,10,12,15,11,,,,
Base,Portable 1,Jupiter Driving,144,xxdbxx,,Techno Stock,5,9,,14,5,11,,,5,8,,14,7,11,,,
Base,Portable 1,KUDA,126,GonZo,,Techno Core,8,11,,14,5,9,,,8,12,,15,10,,,,
Base,Portable 1,Lemonade,195,M2U,Tari,Lounge DnB,8,,,14,6,13,,,7,10,,15,8,12,,,
Base,Portable 1,Let's Go Baby,108,3rd Coast,"So Fly, JC",Hip Hop,2,5,,,6,8,,,3,7,10,,9,,,,
Base,Portable 1,Light House,162,xxdbxx,,Happy Core,4,9,,,4,11,,,6,8,11,,7,12,,,
Base,Portable 1,Long Vacation,138,ESTi,,School House,4,8,,,3,6,,,5,9,,,7,,,,
Base,Portable 1,Luv Flow,115,3rd Coast,"So Fly, JC",R&B Medium,1,5,,,3,6,,,1,5,,,6,8,,,
Base,Portable 1,MASAI,128,Croove,"So Fly, JC",New Wave,4,7,11,,5,8,12,,7,10,12,,10,,,,
Base,Portable 1,Memory of Beach,130,M2U,Sanch,Dance POP,6,11,,,7,12,,13,6,9,12,,8,,13,13,
Base,Portable 1,Minimal Life,145,EarBreaker,,Techno,5,7,,,7,9,,,8,12,,,8,10,14,,
Base,Portable 1,NB RANGER,140,M2U,"M2U, NieN",Scream Funk,8,12,,,7,12,,15,7,10,13,15,9,13,,,
Base,Portable 1,Never Say,90,ND Lee,Yoa,Jungle Pop,3,6,,,6,7,,,2,7,12,,8,,,,
Base,Portable 1,Oblivion,141,ESTi,,Dramatic Trance,3,6,11,,7,,11,,3,8,11,,6,11,,,
Base,Portable 1,Oblivion ~Rockin' Night Style~,141,"ESTi, NieN",,Rock,3,8,12,,4,10,12,15,7,9,13,,6,11,12,15,
Base,Portable 1,ON,72,ND Lee,ND Lee,2Step Slow,3,5,,,2,6,,,6,10,,,7,,,,
Base,Portable 1,One the Love,125,xxdbxx,Miuki,Beer House,2,5,,,6,8,,,3,6,11,,7,8,,,
Base,Portable 1,Outlaw,126,Croove,JC,NU Skool,5,12,,,7,12,,15,7,11,13,15,8,12,,,
Base,Portable 1,Para-Q,160,Forte Escape,,Drum'n Bass,3,10,,,6,8,,,7,10,,,10,,,,
Base,Portable 1,Piano Concerto No. 1,156,WavFactory,,Classic,5,10,,,7,11,,,7,11,,,7,11,,,
Base,Portable 1,Ray of Illuminati,150,ESTi,,Euro Dance,4,7,13,,6,7,13,15,7,10,13,,8,11,,14,
Base,Portable 1,RED,128,Croove,"So Fly, JC",R&B,4,6,,,5,13,,,6,9,12,,8,13,,,
Base,Portable 1,Revenge,120,ND Lee,ND Lee,Hard Core,5,,10,,3,7,,,8,12,,,10,,,,
Base,Portable 1,Road of Death,180,NieN,NieN,Hard Core,4,9,,,7,13,,,8,11,14,,7,13,,,
Base,Portable 1,Rock or Die,106,"NieN, M2U",NieN,Hard Core,6,,,,6,9,,,6,10,12,,6,9,,,
Base,Portable 1,Save My Dream,125,Forte Escape,So Fly,Acid Dance,1,4,,,2,4,,,2,5,,9,5,8,,,
Base,Portable 1,SIN,190,ESTi,,DnB,3,6,11,15,7,10,,15,7,10,14,,9,12,15,,
Base,Portable 1,SIN ~The Last Scene~,200,ESTi,,DnB,7,12,14,15,7,11,,,8,12,14,15,8,13,,,
Base,Portable 1,Sunny Side,112,Croove,"So Fly, JC",Bright R&B,4,8,,,5,9,,,5,8,11,,10,,,,
Base,Portable 1,Sunny Side ~Deepn' Soul Mix~,112,"Croove, makou","So Fly, JC",Soul,7,10,,13,7,11,,,7,,11,13,8,10,,,
Base,Portable 1,Temptation,136,"S-TRO, Forte Escape","Borami, JC",2Step Garage,4,10,,,4,10,,,6,,12,,9,,,,
Base,Portable 1,Triple Zoe,150,Forte Escape,,Progressive Rock,4,11,,,6,11,,14,8,12,,14,10,12,,,
Base,Portable 1,Ya! Party!,194,Forte Escape,,Candy POP,4,8,,,5,10,,,5,8,12,,9,,,,
Base,Portable 2,A Lie,100,makou,Lin,R&B,2,5,,,5,9,,,4,6,12,,7,9,,,
Base,Portable 2,Another DAY,142,Forte Escape,Miya,Techno Pop,3,7,11,15,6,8,,,5,8,10,15,7,9,,,
Base,Portable 2,BRAIN STORM,172,Croove,,Junkno,6,9,,15,7,11,14,,9,13,,,8,12,14,15,
Base,Portable 2,Brandnew Days,124,Planetboom,Planetboom,Pop Rock,3,8,,,6,8,,,7,10,11,,7,10,,,
Base,Portable 2,Brave it out,124,BEXTER,Bloom,Aggressive Funk,6,8,,,5,9,11,,6,10,13,,7,10,12,,
Base,Portable 2,Bye Bye Love,120,3rd Coast,"So Fly, JC",Latin House,2,8,,,6,7,,,6,9,11,,6,8,,,
Base,Portable 2,Chain of Gravity,155,Tsukasa,,Melodic Trance,5,11,,15,5,10,,,7,10,12,15,6,11,,,
Base,Portable 2,Cherokee,136,xxdbxx,,Trance Fusion,5,8,,,7,9,,14,6,9,13,14,7,10,,,
Base,Portable 2,DIVINE SERVICE,151,Electronic Boutique,,Ethnic Techno,4,7,,,4,9,,14,4,8,12,14,7,10,,,
Base,Portable 2,Dream Of You,192,makou,,Sweet Jazz,4,6,11,,6,10,,14,5,9,11,14,8,11,,,
Base,Portable 2,Fallen Angel,142,DJ Mocha,Yujin,Modern Rock,4,8,,,4,8,,,3,7,10,,8,10,,,
Base,Portable 2,Fentanest,20-160,"EarBreaker, eszett",,Spiral Sequence,4,10,,14,6,9,,,7,11,,15,6,9,,,
Base,Portable 2,For Seasons,116,makou,,Easy Listening,1,6,,,6,9,,,4,7,11,,5,9,,,
Base,Portable 2,For the Ikarus,154,NieN,NieN,Ani Pop,4,8,,,5,11,,,8,,12,,6,12,,,
Base,Portable 2,Get On Top,125,Planetboom,,P-Funk,3,7,,,6,9,,,5,8,12,,7,10,,,
Base,Portable 2,Get Out,112,ND Lee,"Gypsy Road, Jimmy Len",R&B Hiphop,5,8,,,4,9,,,4,8,13,,7,10,,,
Base,Portable 2,Good Bye,136,Ruby Tuesday,LEAH,J-POP 8090,5,7,,14,4,9,,,7,,12,15,6,9,,,
Base,Portable 2,Heart Beat,155,ND Lee,Miya,Cute Pop,3,5,,,4,8,,,4,7,9,,6,9,,,
Base,Portable 2,Hello Pinky,141,NieN,So Fly,Hifi Pop,5,8,,,5,10,,13,7,11,,,6,11,,12,
Base,Portable 2,Higher,137,Supbaby,,Epic House,4,8,,,6,11,,,6,9,,,4,8,12,,
Base,Portable 2,Ladymade Star,136,ESTi,Sanch,Space Idol Pop,2,6,10,,3,8,,,5,8,10,,5,8,,,
Base,Portable 2,lost n' found,165,bermei.inazawa,"bermei.inazawa, ryorca",Electronic Pops,3,7,,,6,8,,,5,9,,,7,9,,,
Base,Portable 2,Memoirs,140,M2U,Miya,Ethnic Pop,4,9,,13,7,10,,13,6,9,11,,7,10,,,
Base,Portable 2,Mess it up,140,Nauts,,Electro Big Band,5,9,,,4,9,,,9,12,,,6,10,,,
Base,Portable 2,Midnight Blood,147,NieN,NieN,Oriental Trance,6,13,,,6,13,,14,7,10,13,,6,9,13,14,
Base,Portable 2,Miles,130,Electronic Boutique,,Electro Fusion,2,10,,13,5,10,13,,4,9,13,15,4,11,13,,
Base,Portable 2,Minus 3,147,Croove,,Percussive Techno,8,11,,14,6,12,,,10,,13,,7,12,,15,
Base,Portable 2,My Alias,110,Dayz,JW,Emocore,6,9,,,6,9,12,,6,9,14,,5,10,,,
Base,Portable 2,NANO RISK,176,Dayz,Tornado,DnB Core,6,,,,7,11,,,6,9,12,,7,11,,,
Base,Portable 2,NB POWER,185,NieN,shinar,Ani Rock,5,7,,15,6,9,13,,7,11,13,,7,10,,15,
Base,Portable 2,NB RANGERS : Returns,145,NieN,"NieN, utein",Progressive Metal,5,9,,15,7,11,,,9,11,13,,7,12,,15,
Base,Portable 2,Negative Nature,125-145,Electronic Boutique,,Mixtune,4,8,,,4,7,,13,7,12,,14,4,8,,,
Base,Portable 2,Nightmare,190,M2U,,DnB,10,12,,,8,13,15,15,8,13,15,,8,12,15,15,
Base,Portable 2,Phantom of Sky,115,M2U,M2U,Fantasy Pop,3,7,10,,4,7,,12,5,10,,12,4,8,,,
Base,Portable 2,plastic method,118,zts,,Big Beat,5,8,,13,8,12,,,8,12,,14,8,12,,,
Base,Portable 2,Right Now,90,makou,,Gospel R&B,1,5,,,4,8,,,4,5,11,,6,8,,,
Base,Portable 2,Rock-a-doodle-doo,135,makou,,Funky Breaks,3,9,,,4,8,,,7,11,,,5,9,12,,
Base,Portable 2,Rolling On the Duck,180,NieN,Nien,Hardcore,7,10,,,7,10,14,15,8,11,14,,7,10,14,15,
Base,Portable 2,Seeker,150,M2U,,Trance,5,9,,15,8,,14,,5,9,13,15,7,13,,,
Base,Portable 2,Showtime,138,Ruby Tuesday,Jimmy A Well,Native Mambo,6,8,,13,6,9,,,8,12,,,6,10,,14,
Base,Portable 2,Smoky Quartz,104,makou,,Dark Chill,3,6,,,7,10,,,6,,11,,7,14,,,
Base,Portable 2,sO mUCH iN LUV,130,3rd Coast,"So Fly, JC",Astro Pop,1,6,,,3,6,,,4,7,11,,7,,,,
Base,Portable 2,SQUEEZE,147,Oriental ST8,YU HI,Eurobeat,4,9,,15,7,10,,,8,10,12,,7,10,,14,
Base,Portable 2,STALKER,112,ND Lee,Yena Yoon,Pop Rock,5,10,,,7,9,,15,6,10,12,15,8,,14,,
Base,Portable 2,Starfish,150,Planetboom,Planetboom,Techno Core,6,9,,,7,10,,,6,10,,,6,9,,,
Base,Portable 2,Stay with me,140,Ruby Tuesday,LEAH,Techno Pop,2,4,,,4,7,,,3,7,,,5,9,,,
Base,Portable 2,Sunset Rider,170,Nauts,,Scool Rock,5,9,,,6,10,,,5,7,11,,6,9,,,
Base,Portable 2,Syriana,135,BEXTER,JC,Urban Funk,6,9,,,6,9,,14,6,9,13,,5,9,,14,
Base,Portable 2,Taekwonburi,162,xxdbxx,,Happy Core,5,7,,14,6,,11,,6,10,14,,7,,12,15,
Base,Portable 2,WhiteBlue,144,zts,,Trance,7,9,13,,6,10,13,15,7,11,13,15,8,11,13,,
Base,Portable 2,Yellowberry -AJ Mix-,151,Forte Escape,Miya,Acid Jazz,4,7,,,3,6,,,5,9,,,4,8,,,
Base,Portable 2,Yo Creo Que Si,135,Makou,,Calypso House,6,8,,,6,9,,,8,,12,,7,9,,,
Base,Portable 2,Your Own Miracle,136,Ruby Tuesday,Christine Jones,Miracle Pop,3,5,,,3,6,10,15,6,10,12,,7,10,13,15,
TRILOGY,Respect,Nevermind,142,Paul Bazooka,,Epic Trance,7,10,13,,7,11,,,7,10,13,,6,10,15,,
TRILOGY,Trilogy,A Lie ~Deep Inside Mix~,110,"makou, Electronic Boutique",Lin,R&B,4,9,,,6,,11,,4,11,,,6,10,,,
TRILOGY,Trilogy,Bye Bye Love ~Nu Jazz Mix~,130,"3rd Coast, Electronic Boutique","So Fly, JC",Nu Jazz,5,8,11,,6,10,,,6,8,11,,6,9,11,,
TRILOGY,Trilogy,Catch You,180,Forte Escape,Jay,Cute Pop,3,8,,13,6,8,10,,4,8,,13,6,8,12,,
TRILOGY,Trilogy,For Seasons ~Air Guitar Mix~,116,"makou, Planetboom",,Easy Listening,3,10,,,5,7,10,,5,,10,14,5,10,,,
TRILOGY,Trilogy,Get Out ~Hip Noodle Mix~,123,"ND Lee, DJ EON","Gypsy Road, Jimmy Len",House Hiphop,6,10,,,5,8,12,,6,9,,,5,9,12,,
TRILOGY,Trilogy,Memory of Wind,110,Forte Escape,Miya,RnB Fantasy,3,8,,11,3,6,,,3,7,,,4,9,,11,
TRILOGY,Trilogy,Mind Control,185,NieN,"NieN, Yayoo",Modern Hard Rock,8,10,13,,9,11,,15,9,12,14,,9,11,14,15,
TRILOGY,Trilogy,My Jealousy,130,"3rd Coast, Forte Escape","So Fly, JC",Lounge 2Step,4,6,10,,6,8,,,6,8,12,,6,8,12,,
TRILOGY,Trilogy,NB Girls,162,NieN,NB Girls,Pop Rock,6,9,,,7,,12,14,5,9,11,13,7,12,,,
TRILOGY,Trilogy,sO mUCH iN LUV ~Melodic Twisted Mix~,122,"3rd Coast, Forte Escape","So Fly, JC",Melodic Hiphop,5,8,,,5,8,,,4,7,10,,6,8,10,,
TRILOGY,Trilogy,Someday,136,NieN,Lee Ji Ae,90's Pop,3,5,9,13,4,8,10,,5,7,11,14,4,6,10,,
TRILOGY,Trilogy,STOP,90-162,3rd Coast,"So Fly, JC",Big Band House,6,10,,,8,,13,14,7,9,11,,6,9,13,,
TRILOGY,Trilogy,Streetlight,115,Nauts,An Shin Ae,Light Pop,2,7,,12,3,6,,,5,9,,,4,8,,11,
TRILOGY,Trilogy,Syriana ~Blast Wave Mix~,135,"BEXTER, DJ EON",JC,Blast Wave House,8,10,,,8,10,12,,8,11,,14,8,10,13,,
TRILOGY,Trilogy,Talk! Talk!,143,xxdbxx,,Happy Core,5,10,13,,6,8,13,,8,11,13,,7,9,12,,
TRILOGY,Trilogy,The One,125,Paul Bazooka,,Happy 2Step,5,10,,14,5,9,11,,7,10,12,,6,9,12,,
TRILOGY,Trilogy,Ventilator,145,Cycle75,,Psychedelic Trance,9,11,15,,9,11,14,,9,12,14,15,9,12,14,15,
TRILOGY,Trilogy,Yo Creo Que Si ~Live House Version~,135,"makou, BEXTER",ECO,Live House,7,9,12,,7,9,,14,6,8,12,14,7,9,11,14,
TRILOGY,Trilogy,Your Own Miracle ~Disco House Mix~,130,"Ruby Tuesday, makou",Christine Jones,Disco House,4,8,10,,5,11,,,6,,11,,3,8,,14,
TRILOGY,Trilogy,Zet,125,BEXTER,Bloom,Rock,7,10,,,7,10,,15,7,9,13,,8,11,13,14,
Clazziquai Edition,Respect,Rising The Sonic,137,Dayz,,Ambient Rock,4,9,12,,5,10,13,14,5,9,13,15,5,10,14,,
Clazziquai Edition,Clazziquai,Closer,120,3rd Coast,"So Fly, JC",Pure House,3,,8,,3,8,,,3,6,,,4,8,,,
Clazziquai Edition,Clazziquai,Coastal Tempo,135,"3rd Coast, ReX","So Fly, JC",Up Tempo,5,7,11,,3,8,12,,4,7,11,13,4,8,11,14,
Clazziquai Edition,Clazziquai,Color,120,Clazziquai,DJ Clazzi,Electronica,5,,11,,5,10,,15,7,11,,14,5,9,12,,
Clazziquai Edition,Clazziquai,Come to me,125,Clazziquai,"Alex, Horan",Electro Pop,3,5,8,12,4,,8,13,2,7,9,,4,8,12,,
Clazziquai Edition,Clazziquai,Creator,117,Clazziquai,Yi Sung Yol,Electronica,2,7,13,,1,5,11,,5,9,,14,1,10,,14,
Clazziquai Edition,Clazziquai,Dark Envy,195,Sugar Donut,Sugar Donut,Envy Rock,6,11,15,,6,10,14,15,7,10,13,15,6,9,14,,
Clazziquai Edition,Clazziquai,Electronics,128,Clazziquai,Alex,Electro House,4,8,11,15,4,8,13,,5,8,12,,4,9,13,15,
Clazziquai Edition,Clazziquai,Fate,110,STi,STi,HIP HOP,3,7,9,,3,8,10,,3,9,,,3,7,10,14,
Clazziquai Edition,Clazziquai,First Kiss,107,BJJ,Hwang Jung Mi,Dance Pop,2,4,8,10,2,4,7,,2,5,7,,2,4,8,,
Clazziquai Edition,Clazziquai,Flea,126,Clazziquai,"Alex, Horan",New Wave,4,9,12,,4,9,12,,5,9,12,14,6,,13,,
Clazziquai Edition,Clazziquai,Forever,114,BEXTER,Miya,Modern Rock,4,6,8,,4,,8,,3,6,9,14,2,6,9,14,
Clazziquai Edition,Clazziquai,Freedom,126,Clazziquai,Christina,Electronica,5,7,10,,5,7,10,,7,,11,,6,8,10,,
Clazziquai Edition,Clazziquai,Here in the Moment,115,Ruby Tuesday,LEAH,Bossanova,4,7,10,14,4,8,10,14,6,8,10,,5,10,,14,
Clazziquai Edition,Clazziquai,In My Heart,123,Tsukasa,Misato,House Pop,3,7,10,,4,7,10,,4,8,10,13,3,7,11,13,
Clazziquai Edition,Clazziquai,Love Mode,120,Clazziquai,"Alex, Horan",Electronica,3,8,,11,2,6,9,,4,9,,13,2,6,10,,
Clazziquai Edition,Clazziquai,Lover,145,ND Lee,Young,Barbie House,5,8,10,,5,11,,13,5,8,11,,4,8,10,14,
Clazziquai Edition,Clazziquai,"Proposed, Flower, Wolf",80,ReX,EriaN,Piano Ballad,1,3,6,,1,6,,10,1,4,7,,1,3,7,10,
Clazziquai Edition,Clazziquai,Tell Me,89,Lee Geol,"Soulman & Minos, Jung-In",Couple R&B,1,6,,,2,5,9,,3,6,8,,1,8,,,
Clazziquai Edition,Clazziquai,The Clear Blue Sky,178,Tsukasa,Aki Misawa,Artcore,4,9,13,,6,8,13,15,6,9,13,14,4,10,13,14,
Clazziquai Edition,Clazziquai,The Night Stage,120,Clazziquai,"Alex, Horan",Electro Pop,3,6,,12,3,7,,,3,8,,,3,7,10,,
Clazziquai Edition,Clazziquai,To You,133,Sweetune,Miya,80's Pop,3,6,,14,2,8,,14,2,5,9,,2,7,,,
Clazziquai Edition,Clazziquai,Urban Night (Clazziquai Edition),93,hYO,Soulman & Minos,Urban R&B,4,8,,,5,8,,,3,8,,,3,,8,,
Clazziquai Edition,Clazziquai,Y,130,ND Lee,Silver,Acid House,5,8,11,14,5,10,,,5,8,11,,5,9,13,,
TECHNIKA1,Technika 1,Access,135,SPHAZER,,Techno,2,4,7,,3,6,,,3,,12,,5,7,12,,PlayStation 4
TECHNIKA1,Technika 1,Area 7,130,SPHAZER,,Techno,4,,10,,4,7,10,,5,7,11,,4,7,12,,PlayStation 4
TECHNIKA1,Technika 1,Beyond The Future,130,7 Sequence,,Technical House,4,8,11,,4,8,11,,4,9,12,,4,9,12,,PlayStation 4
TECHNIKA1,Technika 1,Dear My Lady,128,Oriental ST8,,HI-RNG,5,9,,,5,7,10,,5,7,11,,4,7,10,,PlayStation 4
TECHNIKA1,Technika 1,DJMAX,135,Humming Urban Stereo,J-Dogg,MAX HOUSE,2,7,,,3,,8,,4,8,,,4,8,,,PlayStation 4
TECHNIKA1,Technika 1,Fury,135,Sugar Donut,Sugar Donut,Punk Rock,4,9,11,,5,8,12,,6,9,12,,5,10,12,,PlayStation 4
TECHNIKA1,Technika 1,HEXAD,135,Electronic Boutique,,Electro House,5,10,13,,5,9,12,,5,9,12,,6,10,13,,PlayStation 4
TECHNIKA1,Technika 1,Honeymoon,150,Humming Urban Stereo,Yozoh,Acid Pop,3,5,8,,4,,8,,4,8,,,3,9,,,PlayStation 4
TECHNIKA1,Technika 1,I Want You,140,Lin-G,Jay,House Dance,3,6,8,,3,8,10,,5,8,11,,4,9,11,,PlayStation 4
TECHNIKA1,Technika 1,Landscape,140,Tsukasa,,Melodic Trance,6,9,,,6,8,11,,5,9,12,,7,9,13,,PlayStation 4
TECHNIKA1,Technika 1,Melody,188,"bermei.inazawa, Urbatronic Chopsticks",Esprit Lee,Cute Pop,5,8,11,,5,8,11,,4,8,12,,5,10,12,,PlayStation 4
TECHNIKA1,Technika 1,Play the Future,128,Urbatronic Chopsticks,Mellow Funk Sound,Electro House,4,9,,,5,7,10,,6,10,,,5,,10,,PlayStation 4
TECHNIKA1,Technika 1,Remember,150,Lin-G,Miya,K-Pop,3,8,10,,4,7,10,,4,7,11,,5,,11,,PlayStation 4
TECHNIKA1,Technika 1,Shoreline,135,Oriental ST8,,Balaeric House,4,8,10,,6,11,,,6,11,,,6,8,12,,PlayStation 4
TECHNIKA1,Technika 1,SON OF SUN,200,Hosoe Shinji,,Gabber,7,9,14,,7,10,14,,7,11,14,,7,10,15,,PlayStation 4
TECHNIKA1,Technika 1,Supersonic,156,Planetboom,"Planetboom, Mike Blunck",Speedcore,4,7,11,,5,8,12,,6,9,12,,6,10,13,,PlayStation 4
TECHNIKA1,Technika 1,Sweet Shining Shooting Star,140,Croove,"So Fly, JC",Acid House,3,8,10,,3,6,10,,6,,10,,6,,11,,PlayStation 4
TECHNIKA1,Technika 1,The Last Dance,102,Urbatronic Chopsticks,Esprit Lee,India Hiphop,4,,8,,5,11,,,5,10,,,4,,12,,PlayStation 4
TECHNIKA1,Technika 1,Thor,150,XeoN,,Melodic Trance,7,11,14,,6,10,14,,6,11,14,,7,11,14,,PlayStation 4
TECHNIKA1,Technika 1,Voyage,125,makou,Lin,Broken Beat,6,9,,,5,10,,,3,9,11,,5,11,,,PlayStation 4
TECHNIKA1,Respect,Do you want it,123,"House Rulez, Kali","Yehana, Kali",House,5,8,,,7,9,,,5,9,,,5,11,,,PlayStation 4
BLACK SQUARE,Respect,ANALYS,170,HAYAKO,,Psychedelic Full-on,7,11,14,,7,11,,15,7,11,14,15,8,11,14,15,
BLACK SQUARE,Black Square,Beat U Down,155,makou,,Eurobeat,8,12,14,,8,10,14,,9,12,14,15,8,10,14,,
BLACK SQUARE,Black Square,Colours of Sorrow,143,Tsukasa,Nomico,Colours Pop,4,11,,13,6,9,12,,5,9,12,13,6,9,13,,
BLACK SQUARE,Black Square,Cypher Gate,150,7 Sequence,,Hi-Break Core,5,8,,14,7,10,,14,7,10,13,,7,10,13,15,
BLACK SQUARE,Black Square,Desperado,130,Croove,JC,Electronic Funk,5,9,11,,7,11,,,5,8,11,,7,12,,,
BLACK SQUARE,Black Square,Fermion,136,makou,,Fever House,8,11,14,,7,9,14,,8,12,14,,7,10,15,15,
BLACK SQUARE,Black Square,Fever Pitch Girl,136,Nikacha,"So Fly, JC",Fever House,5,8,,13,4,7,10,,6,10,,,6,11,,13,
BLACK SQUARE,Black Square,Get Down,111,BJJ,"Brandy, Jessica Kim",Dance Rock,4,7,9,,4,9,,,4,7,10,12,5,10,,,
BLACK SQUARE,Black Square,Grave Consequence,180,Tsukasa,,DNB Trance,6,10,14,,6,10,13,,7,12,,15,7,10,14,,
BLACK SQUARE,Black Square,Heart of Witch,170,ReX,,Classical Trance,7,12,14,,7,11,15,15,7,12,14,15,8,12,15,15,
BLACK SQUARE,Black Square,In my Dream,140,ND Lee,,Mental Metal,5,10,14,,8,11,14,15,5,11,14,15,8,10,15,,
BLACK SQUARE,Black Square,Jealousy,125,3rd Coast,"So Fly, JC",Marble House,3,7,,12,3,7,9,,4,,9,,3,8,9,,
BLACK SQUARE,Black Square,Keys to the World,160,Planetboom,Yohan,Planet Core,5,8,12,14,6,9,13,,6,11,,14,6,10,13,,
BLACK SQUARE,Black Square,Lovely Hands,132,Planetboom,Miya,Electronic Pop,4,,10,,5,9,11,,3,10,,13,6,9,11,13,
BLACK SQUARE,Black Square,Lover (BS Style),145,ND Lee,Young,Barbie House,5,7,12,13,5,10,,14,4,8,11,,5,8,10,,
BLACK SQUARE,Black Square,PDM,120,"Trish, Urbatronic Chopsticks","SaetByeol, Zito",Acid Jazz,3,7,10,,4,7,9,,3,10,,14,4,9,,12,
BLACK SQUARE,Black Square,"Proposed, Flower, Wolf Part 2",160,ReX,,Progressive,3,8,,,4,10,,13,4,8,11,,5,11,,13,
BLACK SQUARE,Black Square,Ready Now,135,Ruby Tuesday,LEAH,Euro Dance,4,8,,12,4,7,9,13,4,7,10,,5,,9,13,
BLACK SQUARE,Black Square,Ruti'n,120,BEXTER,"So Fly, JC",Urban Pop,7,10,,,5,8,11,,4,9,11,,5,10,,,
BLACK SQUARE,Black Square,Secret World,110,Sweetune,Miya,Teen Pop,4,7,10,,3,8,,,4,7,10,,4,,9,,
BLACK SQUARE,Black Square,Y (BS Style),130,ND Lee,Silver,Acid House,5,8,11,13,4,7,,13,4,8,12,,4,8,12,,
Link Disc,Clazziquai,Here in the Moment ~Extended Mix~,115,Ruby Tuesday,LEAH,Bossa Nova,4,6,9,,5,8,11,,6,9,12,,5,8,11,,PlayStation 4
Link Disc,Technika 1,SON OF SUN ~Extended Mix~,200,Hosoe Shinji,,Gabber,7,10,14,,7,10,15,,7,11,14,,8,11,15,,PlayStation 4
Link Disc,Technika 2,Airwave ~Extended Mix~,150,ReX,,Melodic Trance,8,10,13,,7,10,14,,6,12,14,,7,10,13,,PlayStation 4
TECHNIKA2,Respect,End of Mythology,123,Alice Schach and the Magic Orchestra,,Pop,3,8,12,,4,,12,,5,8,12,,4,7,13,,PlayStation 4
TECHNIKA2,Technika 2,Airwave,150,ReX,,Melodic Trance,5,9,12,,6,9,13,,7,,14,,7,11,13,,PlayStation 4
TECHNIKA2,Technika 2,BEE-U-TIFUL,170,First Aid,,Drum'n Bass,6,,11,,7,10,12,,6,11,14,,6,11,14,,PlayStation 4
TECHNIKA2,Technika 2,Burn It Down,150,P'sycho-Remi,P'sycho-Remi,Industrial,4,7,9,,4,9,,,4,8,11,,5,7,12,,PlayStation 4
TECHNIKA2,Technika 2,Cosmic Fantastic Lovesong,136,DINY,Chohee,Ani Pop,2,5,9,,3,8,11,,3,7,12,,4,7,11,,PlayStation 4
TECHNIKA2,Technika 2,Cozy Quilt,141,bermei.inazawa,,Jazz House,3,9,,,2,7,,,3,7,,,3,7,12,,PlayStation 4
TECHNIKA2,Technika 2,D2,178,First Aid,,Progressive,7,,14,,6,9,13,,7,12,15,,7,11,15,,PlayStation 4
TECHNIKA2,Technika 2,Dream of Winds,150,XeoN,,Melodic Trance,5,8,12,,6,10,13,,4,8,12,,5,9,12,,PlayStation 4
TECHNIKA2,Technika 2,Dual Strikers,152,7 Sequence,,Techno Trance,6,8,,,6,9,12,,6,10,13,,7,10,13,,PlayStation 4
TECHNIKA2,Technika 2,Eternal Fantasy,127,XeoN,,Fantasy Pop,2,5,,,2,5,,,3,5,9,,3,7,,,PlayStation 4
TECHNIKA2,Technika 2,La Campanella : Nu Rave,178,Cranky,,Symphonic Rave,6,9,13,,7,12,,,7,,13,,7,11,13,,PlayStation 4
TECHNIKA2,Technika 2,Love is Beautiful,152,Electronic Boutique,Kastle,Flipper's Rock,4,5,7,,5,8,,,4,7,9,,5,9,,,PlayStation 4
TECHNIKA2,Technika 2,MonoXide,135,Planetboom,,Planet Core,5,9,12,,6,12,,,6,9,12,,5,12,,,PlayStation 4
TECHNIKA2,Technika 2,Nova (Mr.Funky Remix),136,"BEXTER, Mr.Funky",Mike Blunck,Nu Skool Breakz,5,7,,,6,10,,,7,10,12,,6,,12,,PlayStation 4
TECHNIKA2,Technika 2,Put Em Up,100,makou,,Reggaeton Like,2,5,8,,5,9,,,3,6,9,,5,10,,,PlayStation 4
TECHNIKA2,Technika 2,Puzzler,130,Electronic Boutique,,Toy Pop,5,,10,,4,10,,,4,11,,,5,9,12,,PlayStation 4
TECHNIKA2,Technika 2,Rage of Demon,196,NieN,NieN,Nu Metal,6,11,15,,8,11,15,,8,12,15,,8,13,15,,PlayStation 4
TECHNIKA2,Technika 2,Say It From The Heart,130,makou,,Classic Handbag,3,5,10,,4,8,10,,3,8,,,4,9,,,PlayStation 4
TECHNIKA2,Technika 2,Sweet Dream,140,Lin-G,Jay,House Dance,4,6,10,,3,5,8,,4,7,11,,5,11,,,PlayStation 4
TECHNIKA2,Technika 2,The Guilty,155,P'sycho-Remi,,Speed Funk,4,7,12,,6,10,13,,7,12,,,7,,13,,PlayStation 4
TECHNIKA2,Technika 2,Trip,114,NieN,An Shin Ae,Dance Pop,1,4,6,,2,5,8,,3,5,8,,3,5,8,,PlayStation 4
TECHNIKA2,Technika 2,XLASHER,160,Hosoe Shinji,Mr.Yoshida,Slash Core,4,8,11,,5,10,13,,4,8,13,,6,10,13,,PlayStation 4
TECHNIKA2,Technika 2,Thor ~Extended Mix~,150,XeoN,,Melodic Trance,5,11,14,,6,10,14,,6,11,14,,8,,14,,PlayStation 4
TECHNIKA2,Technika 2,Y ~Extended Mix~,130,ND Lee,Silver,Acid House,6,,12,,6,10,12,,6,9,12,,6,10,13,,PlayStation 4
TECHNIKA3,Respect,ALiCE,145,seibin,"Jang Yena, Jang Mi",Fantasy Pop,4,8,12,,5,9,11,,5,9,11,,5,10,12,,PlayStation 4
TECHNIKA3,Technika 3,설레임 Part 2,156,ND Lee,Miya,Cute Pop,2,4,8,,5,8,,,4,,10,,6,,11,,PlayStation 4
TECHNIKA3,Technika 3,유령,125,STi,"Soojung, STi",Fusion Hiphop,3,5,9,,4,,8,,4,9,,,5,10,12,,PlayStation 4
TECHNIKA3,Technika 3,AD2222,140,Croove,Fumi,Broken Beat,5,8,11,,6,9,13,,6,10,13,,6,10,12,,PlayStation 4
TECHNIKA3,Technika 3,AD2222 ~Extended Mix~,140,Croove,,Junkno,5,10,12,,6,10,13,,7,,13,,7,10,13,,PlayStation 4
TECHNIKA3,Technika 3,A Live With You,122,makou,,Junkno,4,,9,,4,6,10,,6,10,12,,6,12,,,PlayStation 4
TECHNIKA3,Technika 3,Angel,170,"Laurent Newfield, Ravenant",Halya,Euro Dance,4,9,12,,6,10,12,,6,9,13,,6,10,12,,PlayStation 4
TECHNIKA3,Technika 3,Bamboo on Bamboo,200,Sampling Masters MEGA,,Gabba,7,12,15,,6,12,14,,7,12,15,,8,12,15,,PlayStation 4
TECHNIKA3,Technika 3,Black Swan,116-174,TAK,,Electronic Waltz,5,8,12,,5,11,13,,5,10,12,,6,10,14,,PlayStation 4
TECHNIKA3,Technika 3,Dark Prism,149,Tsukasa,,Melodic Trance,7,13,,,5,12,13,,5,11,13,,6,,13,,PlayStation 4
TECHNIKA3,Technika 3,Dream Again,140,DINY,CREHA,Ani Pop,2,5,9,,4,7,,,4,7,,,3,9,10,,PlayStation 4
TECHNIKA3,Technika 3,EGG,176,Nauts,ZeeN,Light Pop,4,7,10,,5,10,13,,5,10,12,,6,10,13,,PlayStation 4
TECHNIKA3,Technika 3,EGG ~Extended Mix~,176,Nauts,ZeeN,Light Pop,4,7,11,,6,10,,,5,11,13,,7,13,,,PlayStation 4
TECHNIKA3,Technika 3,Emblem,240,makou,,Irish Dance,8,12,14,,6,9,13,,8,13,,,6,9,14,,PlayStation 4
TECHNIKA3,Technika 3,Fallin' in LUV,132,3rd Coast,"So Fly, JC",Luv Pop,3,7,,,3,8,10,,3,6,10,,5,,10,,PlayStation 4
TECHNIKA3,Technika 3,Feel Ma Beat,100,NieN,"NieN, Jae Hwan",Rap Metal,7,10,14,,9,11,14,,8,11,14,,8,11,14,,PlayStation 4
TECHNIKA3,Technika 3,Give Me 5,121,ND Lee,Baby Chou,Soulful House,5,,10,,5,9,11,,5,9,,,5,9,11,,PlayStation 4
TECHNIKA3,Technika 3,Kung-Fu Rider,133,AstroKid,,Oriental Funk,6,9,,,6,10,,,6,10,,,6,10,12,,PlayStation 4
TECHNIKA3,Technika 3,"My Heart, My Soul",123,3rd Coast,"So Fly, JC",R&B Slow,2,6,,,5,7,,,4,7,10,,4,10,,,PlayStation 4
TECHNIKA3,Technika 3,Now a NEW Day,158,Sui.Jay,Sui.Jay,Electric Pop,3,7,10,,5,8,11,,5,9,11,,5,8,11,,PlayStation 4
TECHNIKA3,Technika 3,Out of CTRL,176,Mr.Funky,Yohan,Drum & Bass,7,10,13,,7,11,,,7,13,,,6,10,13,,PlayStation 4
TECHNIKA3,Technika 3,Over the Rainbow,190,Tsukasa,Aki Misawa,Ani Pop,7,12,,,5,9,12,,7,10,13,,7,13,,,PlayStation 4
TECHNIKA3,Technika 3,Right Back,175,TANUKI,,UK Hardcore,8,11,14,,8,,13,,7,10,13,,5,10,14,,PlayStation 4
TECHNIKA3,Technika 3,Showdown,145,LeeZu,,Brass Funk,5,9,13,,6,8,,,5,11,13,,6,10,13,,PlayStation 4
TECHNIKA3,Technika 3,SigNalize,132,Paul Bazooka,,Electro Trance,6,8,10,,7,9,,,7,,13,,6,10,14,,PlayStation 4
TECHNIKA3,Technika 3,SuperNova,165,cranky,,Rave,4,,11,,6,,12,,5,9,13,,6,,14,,PlayStation 4
TECHNIKA3,Technika 3,Supersonic 2011,148,Sound LAB,"Planetboom, Mike Blunck, Sound LAB",Rock Band,6,12,,,7,11,,,7,12,,,5,10,13,,PlayStation 4
TECHNIKA3,Technika 3,Wanna Be Your LOVER,128,"Laurent Newfield, Ravenant",Alex Ray,80's Dance,1,4,7,,5,8,,,4,,10,,4,10,,,PlayStation 4
TECHNIKA3,Technika 3,Xeus,148,XeoN,,Melodic Trance,6,11,13,,8,11,13,,7,12,14,,6,11,14,,PlayStation 4
TECHNIKA3,Technika 3,You & Me,136,NieN,"Jeong Sang Hui, Hyerin",K-Pop,3,4,7,,4,8,,,3,7,10,,3,7,10,,PlayStation 4
Emotional Sense,Emotional S.,Cosmic Elevator,164,Forte Escape,,Ani Pop,4,8,,,5,10,,,6,12,,,6,12,,,
Emotional Sense,Emotional S.,Feel,124,DJ Mocha,Yujin,Acid Pop,4,7,,12,4,9,,,5,,10,13,6,,11,,
Emotional Sense,Emotional S.,Knowledge System,140,Forte Escape,,Techno,6,10,,14,7,11,13,,7,10,13,,7,10,13,15,
Emotional Sense,Emotional S.,Real Over Drive,152,NieN,,Hardcore,7,,12,,6,11,,14,7,13,,,7,13,,15,
Emotional Sense,Emotional S.,Space of Soul,160,M2U,Ring,SymphonicHouse,6,10,14,,7,12,14,15,7,12,14,15,7,12,14,,
Emotional Sense,Emotional S.,Super Lovely,170,EarBreaker,,Euro Beat,7,11,15,,6,12,15,15,6,11,15,15,6,12,15,,
Emotional Sense,Emotional S.,Urban Night (DJMAX Online),124,Electronic Boutique,,Urban House,5,13,,,5,12,,14,6,,13,15,6,,13,,
Emotional Sense,Emotional S.,Yo! Max!,72,ND Lee,ND Lee,R&B,2,8,,,4,8,,,4,,8,,4,8,,,
V Extension,V Extension,Attack,150,Mr.Funky,,Hard Dance,4,7,10,14,5,9,,15,5,10,13,,6,8,14,15,
V Extension,V Extension,BLACK GOLD,155,cranky,Pico,Rave,6,11,13,,6,12,14,15,6,12,14,15,6,11,14,,
V Extension,V Extension,Do It,129,House Rulez,Lee YoonJung,House,5,8,12,,7,,11,,5,11,,13,5,11,,,
V Extension,V Extension,Dream It,175,Bexter,DyoN Joo,Modern Rock,4,8,11,15,4,7,11,,4,7,10,15,5,8,12,,
V Extension,V Extension,Fancy Night,122,Sina x Chuck,,Electro Rock,2,5,9,,4,6,9,,4,7,9,,6,,10,,
V Extension,V Extension,FIGHT NIGHT (feat. Calyae),190,Messier,Calyae,J-Rock,5,8,13,15,6,10,13,,6,10,13,,8,12,14,15,
V Extension,V Extension,Kensei,170,Pure 100%,,Happy Hardcore,7,10,14,,8,12,14,15,7,11,14,15,8,12,14,,
V Extension,V Extension,Lisrim,172,onoken,,Art Core,6,8,14,,6,9,13,15,5,8,13,15,6,10,14,,
V Extension,V Extension,Lost Serenity,162,Benicx,,Cinematic Fantasy,4,7,10,,4,8,11,,4,7,11,,6,11,,,
V Extension,V Extension,Lost Temple,104,IMLAY,,Mid Tempo Dubstep,5,8,,,3,8,11,,5,8,10,,5,7,12,,
V Extension,V Extension,Maharajah -fenomeno edition-,120,Alice Schach and the Magic Orchestra,,(Not specific),3,5,10,13,5,9,11,13,5,7,11,14,6,9,12,,
V Extension,V Extension,Misty Er'A,66-120,Mycin.T x jam-jam,jam-jam,Ethnic Fantasy,3,6,10,,3,7,10,,4,9,,15,5,7,10,,
V Extension,V Extension,Move Yourself,125,"IMLAY, YESSO",YESSO,Progressive House,2,4,7,,4,6,9,,5,7,10,,4,7,11,,
V Extension,V Extension,NANAIRO,150,HAYAKO,,Future Bass,3,8,11,14,5,8,12,,5,8,12,14,5,9,13,,
V Extension,V Extension,Never Die,172,Paul Bazooka,,Drum'n Bass,5,9,14,,7,10,14,15,6,10,14,,6,11,14,15,
V Extension,V Extension,Remember Me,180,NieN,DyoN Joo,Rock,7,10,12,,6,10,13,15,7,11,13,,7,11,14,15,
V Extension,V Extension,Space Challenger,170,Bagagee Viphex13,,UK Hardcore,4,10,,,5,8,12,,5,9,12,,5,11,,,
V Extension,V Extension,Vile Requiem,75-150,GOTH,,Dubstep,7,13,,,6,10,13,,5,10,13,,6,10,14,,
V Extension,V Extension,welcome to the space (feat. Jisun),135,Pory,Jisun,Progressive House,3,6,9,,4,8,11,,4,,10,,4,9,11,,
V Extension,V Extension,WONDER $LOT 777,155,MYUKKE.,,Casino Core,5,10,14,,7,10,13,15,7,9,14,15,7,11,14,,
Guilty Gear,Collaboration,Break a Spell,200,"Daisuke Ishiwatari, Norichika Sato",Naoki Hashimoto,,5,9,14,,6,10,,15,7,9,14,15,7,10,14,,
Guilty Gear,Collaboration,Holy Orders (Be Just Or Be Dead),120,"Daisuke Ishiwatari, Norichika Sato",,,4,9,11,14,6,8,11,,6,9,12,,6,10,11,15,
Guilty Gear,Collaboration,Marionette,136,"Daisuke Ishiwatari, Norichika Sato",,,5,9,13,,7,12,,15,6,10,13,15,8,,13,,
Dok2 – Only On,Collaboration,Only On,96,"Dok2, HELIXX",Dok2,,2,5,,,3,6,,,2,5,,,3,5,8,,PlayStation 4
Girls' Frontline,Collaboration,Barbarous Funera,140,Rikako Watanabe,ErumNagi,,4,8,11,,5,9,12,,6,9,12,,7,,13,,PlayStation 4
Girls' Frontline,Collaboration,Frontline,198,"B@kamin, M2U",Guriri,,4,8,12,,6,10,,,6,10,,,6,9,13,,PlayStation 4
Girls' Frontline,Collaboration,What am I fighting for?,175,Haloweak,AKINO with bless4,,3,7,,4,10,,4,,12,6,12,,,,,,PlayStation 4
GROOVE COASTER,Collaboration,Black MInD,192,COSIO,,,5,9,14,,6,12,14,,6,12,14,15,5,12,14,15,
GROOVE COASTER,Collaboration,"Good Night, Bad Luck.",142.5,t+pazolite,,,5,,13,,6,11,14,15,8,11,14,,7,12,14,15,
GROOVE COASTER,Collaboration,Got more raves?,133,E.G.G.,,,4,7,12,,6,10,13,15,5,10,12,15,6,10,13,,
GROOVE COASTER,Collaboration,Groove Prayer,190,COSIO,ChouCho,,3,5,8,15,5,8,11,,5,,11,,4,9,11,14,
GROOVE COASTER,Collaboration,HB-axeleration,158,Tsukasa,Erica Masaki,,2,6,12,,4,8,12,,4,11,,,6,9,12,,
GROOVE COASTER,Collaboration,"Marry me, Nightmare",114-142,t+pazolite,,,6,11,13,,7,,14,15,7,11,13,,8,12,14,,
GROOVE COASTER,Collaboration,ouroboros -twin stroke of the end-,188,"cranky, MASAKI",,,7,12,15,15,7,13,15,15,8,13,15,15,8,12,15,,
GROOVE COASTER,Collaboration,OVER THE NIGHT,175,REDALiCE,Ayumi Nomiya,,5,8,,14,5,9,,,5,,11,15,7,12,,,
GROOVE COASTER,Collaboration,Satisfiction,195,t+pazolite,,,5,8,,14,6,9,11,14,7,11,14,,5,10,13,,
GROOVE COASTER,Collaboration,Warrior,170,cranky,,,7,11,14,,5,11,15,,6,11,14,15,6,11,14,15,
Deemo,Collaboration,Angelic Sphere,143,3R2,,,4,9,13,14,5,10,13,,4,8,13,15,6,9,12,,
Deemo,Collaboration,ANiMA,183.5,xi,,,6,9,14,15,8,13,15,15,7,13,15,15,8,12,15,,
Deemo,Collaboration,Dream,150,Rabpit,,,2,,8,,3,,10,,2,,11,,5,8,11,,
Deemo,Collaboration,Legacy,120,switchworks,,,3,7,9,,4,8,,,4,8,,13,4,8,11,13,
Deemo,Collaboration,Magnolia,160,M2U,Guriri,,6,10,13,14,6,10,11,14,6,11,13,14,7,11,13,,
Deemo,Collaboration,Nine point eight,164,Mili,momocashew,,5,8,12,,5,9,12,13,6,9,12,,7,11,,14,
Deemo,Collaboration,Sairai,95,Shinichi Kobayashi,,,3,,8,12,3,6,9,,5,,9,12,5,7,12,,
Deemo,Collaboration,Undo,141,Yuk-cheung Chun,Misi Ke,,4,9,,,5,7,10,,4,7,10,,4,8,10,,
Deemo,Collaboration,Utopiosphere,176,Mili,momocashew,,4,6,10,,4,8,,13,4,8,12,,5,11,,13,
Deemo,Collaboration,YUBIKIRI-GENMAN,146,Mili,momocashew,,5,10,,,5,,11,,4,,10,,4,,10,13,
Cytus,Collaboration,AXION,160,sakuzyo,,,4,,12,,5,12,,14,5,11,13,15,5,13,,,
Cytus,Collaboration,CODE NAME: ZERO,185-200,NeLIME,,,5,12,,15,6,12,15,,5,12,13,15,6,12,14,,
Cytus,Collaboration,conflict,160,Cranky+siromaru,,HARMONIC SCHRANZ,5,11,14,,6,12,,15,4,11,14,15,7,11,14,,
Cytus,Collaboration,EMber,145.12,SIHanatsuka,,,5,12,,,6,10,,15,4,10,13,,6,12,15,15,
Cytus,Collaboration,Entrance,180,Ice,,,7,,15,,7,13,,,9,,15,15,6,12,15,15,
Cytus,Collaboration,L,155,Ice,,,3,12,,15,5,,14,,6,12,15,15,8,,15,15,
Cytus,Collaboration,Les Parfums de L'Amour,138-240,naotyu-,miyu,,4,,13,,7,,13,,5,,12,,8,14,,,
Cytus,Collaboration,Mammal,190,Teikyou,,,6,12,15,,6,12,15,15,6,12,14,,8,12,15,15,
Cytus,Collaboration,Myosotis,160,M2U,Guriri & Lucy,Symphonic Dubstep,5,10,13,,6,12,,15,5,10,13,,7,,14,,
Cytus,Collaboration,Old Gold,155,Cranky,Pico,,6,11,,13,6,11,13,,5,10,13,,6,11,13,14,
Cytus,Collaboration,Shoot Out,140,Tsukasa,,,3,8,12,,4,11,13,,4,10,13,,5,9,13,,
Cytus,Collaboration,Ververg,190,onoken,"moco, b, Rin",,4,,9,13,4,,12,14,4,10,,,4,12,,,
