Genre,Song,Artist,BPM,BEGINNER,SPN,SPH,SPA,Style,Origin,Price,Removed,Date Added
PIANO AMBIENT,5.1.1.,dj nagureo,101,,2,6,10,1,1,Free,,2019-12-09
CHILL OUT,0.59,dj TAKA,123-135,,4,6,7,2,2,Free,,2019-12-09
DRUM'N'BASS,era (nostalmix),TaQ,90-180,,5,8,9,3,3,Free,,2019-12-09
EPIC TRANCE,ABSOLUTE,dj TAKA,60-144,,6,8,10,4,4,Free,,2019-12-09
DRUM'N'BASS,Real,Aya,200,,5,8,9,5,5,Free,,2019-12-09
PROGRESSIVE,V,dj TAKA,150,2,5,10,12,5,5,Free,,2019-12-09
TRANCE,Colors (radio edit),dj TAKA,150,,6,9,12,6,6,Free,,2019-12-09
FILTER HOUSE,Bad Routine,D.J. Spugna,130,,5,7,9,7,7,Free,,2019-12-09
ELECTROSHOCK,ZERO-ONE,Mr.T,160,,5,9,10,7,7,Free,,2019-12-09
INSTRUMENTAL,airflow,Mr.T,40-148,,3,5,7,8,8,Free,,2019-12-09
TECHNO,MUSIC TO YOUR HEAD,SLAKE,144,,4,7,9,8,8,Free,,2019-12-09
J-HAPPY HARDCORE,LOVE♥SHINE,小坂りゆ,177,3,5,9,10,9,9,Free,Yes,2019-12-09
TECHNO,lower world,D.J.SETUP,155,,6,9,10,9,9,Free,,2019-12-09
ボデー,ライオン好き,AKIRA YAMAOKA,146,,4,5,7,9,9,Free,,2019-12-09
2STEP POP TRANCE,Back Into The Light,Sota Fujimori,144,,6,7,10,10,10,Free,,2019-12-09
TRANCE,pandora,dj TAKA feat. Tomomi,148,,5,8,9,10,10,Free,,2019-12-09
SPEED RAVE,RED ZONE,Tatsh&NAOKI,165,1,5,9,11,11,11,Free,,2019-12-09
HARD SONATA,RESONATE 1794,KOHTA,160,,5,10,11,11,11,Free,,2019-12-09
DIRGE,"ピアノ協奏曲第1番""蠍火""",virkato,165-188,,5,11,12,11,11,Free,,2019-12-09
MEDIEVAL CHOIR,Xepher,Tatsh,170,3,5,10,11,12,12,Free,,2019-12-09
J-EUROBEAT,月光,Tatsh feat.星野奏子,155,,5,8,10,12,12,Free,,2019-12-09
ORATORIO,Apocalypse ～dirge of swans～,Zektbach,170,1,5,9,10,13,13,Free,,2019-12-09
SYMPHONIC EURO,Leaving...,"SEIYA MURAI meets ""eimy""",145,,4,8,10,13,13,Free,,2019-12-09
BUCHIAGE TRANCE,FIRE FIRE,StripE,150,3,7,10,12,14,14,Free,,2019-12-09
RECKLESS RAVE,GOLD RUSH,DJ YOSHITAKA-G feat. Michael a la mode,162,3,7,9,11,14,14,Free,,2019-12-09
FREEFORM HARDCORE,KAMAITACHI,DJ TECHNORCH fw.GUHROOVY,165,,6,9,11,14,14,Free,,2019-12-09
HANDZ UP,Second Heaven,Ryu☆,149,1,5,8,11,14,14,Free,,2019-12-09
TRANCE,snow storm,dj TAKA,145,1,4,9,10,14,14,Free,,2019-12-09
JAPANESE ALTERATION,花吹雪 ～ IIDX LIMITED ～,S.S.D.FANTASICA feat.ユッコ,150,,4,6,8,14,14,Free,,2019-12-09
HARD RENAISSANCE,"Anisakis -somatic mutation type""Forza""-",朱雀,185,,6,10,11,15,15,Free,,2019-12-09
HANDZ UP,Dazzlin' Darlin,HHH,149,2,4,7,10,15,15,Free,,2019-12-09
LOVELY BUCHIAGE POP,MAX LOVE,DJ YOSHITAKA feat.星野奏子,180,,5,8,10,15,15,Free,,2019-12-09
RAVE,satfinal,RAM,180,,5,7,9,15,15,Free,,2019-12-09
NU STYLE GABBA,THE DEEP STRIKER,L.E.D.-G,173,2,6,10,11,15,15,Free,,2019-12-09
HYPER JAPANESQUE 2,華爛漫 -Flowers-,TËЯRA,160,2,6,8,10,15,15,Free,Yes,2019-12-09
DANCE SPEED,3y3s,青龍,191,3,7,10,12,16,16,Free,,2019-12-09
HAPPY HARDCORE,Colorful Cookie,Lucky Vacuum,180,3,5,10,12,16,16,Free,,2019-12-09
DREAM TRANCE,Fly Above,Sota Fujimori,150,,5,6,8,16,16,Free,,2019-12-09
ELECTRO-TECH,Mind Mapping,Ryu☆,128,3,4,7,9,16,16,Free,,2019-12-09
CANDY RAVE,smooooch・∀・,kors k,177,2,4,8,10,16,16,Free,,2019-12-09
撫子ロック,凛として咲く花の如く,紅色リトマス,163,2,6,9,10,16,16,Free,,2019-12-09
PROGRESSIVE,V₂,TAKA,150,3,6,10,11,16,16,Free,,2019-12-09
BUBBLEGUM POP,bass 2 bass,Ryu☆,140,1,4,7,10,17,17,Free,,2019-12-09
HARD RENAISSANCE,Evans,DJ YOSHITAKA,185,3,6,11,12,17,17,Free,,2019-12-09
BUCHIAGE TRANCE,MIRACLE MEETS,Lucky Vacuum,160,,6,9,11,17,17,Free,,2019-12-09
TECHNO POP SPEED,mosaic,Auridy,188,,7,10,12,17,17,Free,,2019-12-09
ASTRAL CHOIR,Raison d'être～交差する宿命～,Zektbach,155-175,,5,10,11,17,17,Free,,2019-12-09
ONLY ONE BALLAD,She is my wife,SUPER STAR 満-MITSURU-,85-170,3,5,9,10,17,17,Free,,2019-12-09
WORLD/ELECTRONICA,サヨナラ・ヘヴン,猫叉Master,111,2,4,6,8,17,12CS,Free,,2019-12-09
TRANCE,Broken,dj TAKA feat.AiMEE,148,,5,9,12,18,18,Free,,2019-12-09
BUBBLEGUM DANCE,Mermaid girl,Cream puff,140,3,5,8,10,18,18,Free,,2019-12-09
ANTHEM CORE,perditus†paradisus,iconoclasm,172,,7,11,12,18,18,Free,,2019-12-09
DANCE POP,XANADU OF TWO,T.Kakuta With Starving Trancer + 森永真由美,160,,5,8,10,18,18,Free,,2019-12-09
WORLD/POPS,おおきなこえで,猫叉Master feat.Sana,100,,3,5,7,18,18,Free,,2019-12-09
BROKEN SAMBA BREAK,灼熱Beach Side Bunny,DJ Mass MAD Izm*,153,3,7,10,12,18,18,Free,,2019-12-09
RENAISSANCE,F,D.J.Amuro,154,,5,10,12,19,19,Free,,2019-12-09
HAPPY HARDCORE,I'm so Happy,Ryu☆,181,2,3,8,11,19,19,Free,,2019-12-09
SACRED TRANCE,Todestrieb,Rche,185,,5,9,12,19,19,Free,,2019-12-09
ORIENTAL MYTHOLOGY,蛇神,Zektbach,170,2,4,8,11,19,19,Free,,2019-12-09
Hi-BLEEP,恋する☆宇宙戦争っ!!,Prim,200,2,5,8,12,19,19,Free,,2019-12-09
電波,突撃！ガラスのニーソ姫！,山本椛 (monotone),185,,4,7,10,19,19,Free,,2019-12-09
HARD RENAISSANCE,Elemental Creation,dj TAKA meets DJ YOSHITAKA,212,1,7,10,12,20,20,Free,,2019-12-09
TRANCE CORE,FLOWER,DJ YOSHITAKA,173,2,6,9,11,20,20,Free,,2019-12-09
KONAMI REMIX,GRADIUS 2012,Sota Fujimori,180,,5,8,10,20,20,Free,,2019-12-09
HARD ELECTRONICA,Proof of the existence,猫叉Master+,170,,6,10,12,20,20,Free,,2019-12-09
Hi-CORE,†渚の小悪魔ラヴリィ～レイディオ† (IIDX EDIT),夏色ビキニのPrim,190,1,3,9,12,20,20,Free,,2019-12-09
FASCINATION,朧,HHH×MM×ST,149,1,4,7,10,20,20,Free,,2019-12-09
ARTCORE,Adularia,DJ TOTTO,180,1,6,10,12,21,21,Free,,2019-12-09
HEALING POP,Element of SPADA,猫叉Master feat.霜月はるか,170,,3,7,9,21,21,Free,,2019-12-09
FRENCHCORE,Miracle 5ympho X,USAO,210,,5,8,10,21,21,Free,,2019-12-09
REQUIEM PSY,Sigmund,Gram,200,,7,10,12,21,21,Free,,2019-12-09
HARD NRG,Verflucht,Tyrfing,180,,6,10,12,21,21,Free,,2019-12-09
BLOOM FUSION,アルストロメリア,TAG,144,1,5,8,10,21,21,Free,,2019-12-09
HEALING DRUM'N'BASS,chrono diver -fragment-,猫叉Master feat.三澤秋,185,,3,6,9,22,22,Free,,2019-12-09
J-CORE,紅牡丹,DJ NAGAI feat. a☆ru,181,3,6,9,12,22,22,Free,,2019-12-09
電波ソング,パ→ピ→プ→Yeah!,ヒゲドライバー join. shully & Nimo,160,2,6,9,11,22,22,Free,,2019-12-09
Hi-歌謡コア,それは花火のような恋,夏色バーニングラブ☆Prim,182,3,6,10,12,22,22,Free,,2019-12-09
CYBER DRUMSTEP,Damage Per Second,Maozon,177,,4,7,9,23,23,Free,,2019-12-09
HARD ELECTRIC POP,DIAMOND CROSSING,S-C-U vs L.E.D.,180,,7,10,12,23,23,Free,,2019-12-09
HYBRID TWERK,Dynamite,USAO,100,3,7,10,12,23,23,Free,,2019-12-09
PSYCHIC FLASH,POSSESSION,TAG underground,23-185,3,7,10,12,23,23,Free,,2019-12-09
Hi-RESORT電波,ギョギョっと人魚♨爆婚ブライダル,海の底からマーメイド♨Prim by ARM×狐夢想,169,,4,8,10,23,23,Free,,2019-12-09
エピックプログレ,量子の海のリントヴルム,黒猫ダンジョン,280,,6,9,11,23,23,Free,,2019-12-09
HiTECH FULLON,Amazing Mirage,lapix,153,2,5,9,11,24,24,Free,,2019-12-09
BUBBLEGUM DANCE,OOO,Ryu☆ feat.moimoi,140,,3,7,10,24,24,Free,,2019-12-09
ACEDIA,ちらちら・はらはら,NU-KO,180,,3,5,7,24,24,Free,,2019-12-09
HYPER ENKA POP,冬椿 ft. Kanae Asaba,Xceon,155,1,5,7,10,24,24,Free,,2019-12-09
DRAMATIC WALTZ,獅子霞麗ノ舞,HuΣeR,100,,4,6,9,24,24,Free,,2019-12-09
PIANO TRANCE,Alpheratz,Xceon,154,,2,5,9,25,25,Free,,2019-12-09
ARTCORE,Fervidex,Feryquitous,191,,5,9,11,25,25,Free,,2019-12-09
ULTRA JAZZFUNKTION,Nothing but Theory,lapix,160,,5,8,11,25,25,Free,,2019-12-09
HARDCORE,Rampage,USAO,195,,6,10,12,25,25,Free,,2019-12-09
EMOTIONAL ROCK,純真可憐デザイア,"BEMANI Sound Team ""HuΣeR"" feat.Fernweh",182,1,4,8,10,25,25,Free,,2019-12-09
ORBITALIC GABBER STEP,東京神話,"DJ TECHNORCH feat.宇宙★海月 vs BEMANI Sound Team ""U1-ASAMi""",196,,6,9,12,25,25,Free,,2019-12-09
ANNIVERSARY,50th Memorial Songs -Beginning Story-,BEMANI Sound Team,135,,4,8,10,26,26,Free,,2019-12-09
ANNIVERSARY,50th Memorial Songs -二人の時 ～under the cherry blossoms～-,BEMANI Sound Team,160,,5,8,10,26,26,Free,,2019-12-09
ANNIVERSARY,50th Memorial Songs -Flagship medley-,BEMANI Sound Team,135-175,,5,8,10,26,26,Free,,2019-12-09
ANNIVERSARY,50th Memorial Songs -The BEMANI History-,BEMANI Sound Team,136,,5,9,11,26,26,Free,,2019-12-09
HARDCORE,AGAiN,DJ NAGAI,174,,5,8,10,26,26,Free,,2019-12-09
DRUM & BASS,Angels & Demons,月代 彩,174,,5,8,10,26,26,Free,,2019-12-09
UPLIFTING ETHNIC,CoMAAAAAAA,Ryu☆,150,,6,9,10,26,26,Free,,2019-12-09
GARAGE,Cranberry City ft. Luschel,lapix,138,,5,8,10,26,26,Free,,2019-12-09
HARDER DANCE MUSIC,dAuntl3ss,DJ Noriken,166,,6,10,12,26,26,Free,,2019-12-09
HYBRID,Digital Skipper,"BEMANI Sound Team ""Expander""",150,,6,8,10,26,26,Free,,2019-12-09
INDUSTRIAL TECHNO,Dr. Chemical & Killing Machine,Hommarju,165,,5,9,12,26,26,Free,,2019-12-09
FUSION TRANCE,Ember Lights,Nhato,148,,5,9,11,26,26,Free,,2019-12-09
EDM,Glory,kradness,134,,4,7,9,26,26,Free,,2019-12-09
ELECTRONIC RHAPSODY,HEISEI,"BEMANI Sound Team ""dj TAKA""",152,,6,10,11,26,26,Free,,2019-12-09
RAVE SXXX,Hurry Hurry,Masayoshi Iimori,160,,4,6,9,26,26,Free,,2019-12-09
TECH-BREAKS,IDC feat.REVERBEE (Mo'Cuts Ver),DJ Mass MAD Izm*,140,,7,9,11,26,26,Free,,2019-12-09
UK HARDCORE,L.F.O,aran,180,,5,9,12,26,26,Free,,2019-12-09
ELECTRIC DANCE ROCK,Let me be your cure,Pizuya's Cell,192,,5,7,10,26,26,Free,,2019-12-09
ELECTRO POP,OVER TIME,空中分解feat.アンテナガール,134,,3,5,8,26,26,Free,,2019-12-09
RIDDIM DUBSTEP,Psycho Sheep Riddim,"BEMANI Sound Team ""SYUNN""",150,,3,7,9,26,26,Free,,2019-12-09
NEO J-TEKNO,R∞tAge,"BEMANI Sound Team ""HuΣeR+""",150,,5,8,11,26,26,Free,,2019-12-09
PSYCHEDELIC TRANCE,SPEED ROCKER,AJURIKA,145,,4,9,10,26,26,Free,,2019-12-09
HARDSTYLE,Starry Night,Massive New Krew feat.松平なな,155,,4,7,10,26,26,Free,,2019-12-09
HARD ELECTRIC POP,THE DAY OF JUBILATIONS,"BEMANI Sound Team ""S-C-U vs L.E.D.""",181,,7,10,12,26,26,Free,,2019-12-09
DJENTCORE,The Rebellion of Sequencer,DJ Myosuke,300,,7,10,12,26,26,Free,,2019-12-09
CYBER DANCE MUSIC,Twilight Warp,Maozon feat. Kyte,145,,4,7,9,26,26,Free,,2019-12-09
JAZZY FOOTWORK JUNGLE,Urban Constellations,Dirty Androids,167,,4,8,11,26,26,Free,,2019-12-09
HYPER HANDS UP,Wing of Hearts,USAO & DJ Nanashi,187,,5,8,10,26,26,Free,,2019-12-09
CANDY RAVE GABBER,Wonderland,kors k,180,,5,9,11,26,26,Free,,2019-12-09
FUTURE BASS,Yum Yum Jelly,YUC'e,180,,5,9,11,26,26,Free,,2019-12-09
SOCA,花冠 feat.Aikapin,RoughSkreamZ,83-180,,6,9,11,26,26,Free,,2019-12-09
A-STYLE RUSSIAN HARDBASS,ハードベース・フェスタ,かめりあ feat. ななひら,158,,6,9,11,26,26,Free,,2019-12-09
ELECTRONICA,ミストレス・アンに花束を,"soejima takuma feat.BEMANI Sound Team ""猫叉Master""",135,,3,6,8,26,26,Free,,2019-12-09
Re 90's J-DANCE POP,夏の匂い。キミの残像。 ft. Kanae Asaba,Xceon,161,,4,8,10,26,26,Free,,2019-12-09
GIRLS ROCK,セカンドピアス,OSTER project feat. echo,138,,3,6,9,26,26,Free,,2019-12-09
JAZZ ROCK,Calvados Queen,OSTER project feat. かなたん,220,,5,8,10,27,27,Free,,2019-12-09
DRUM & BASS,Duration,佐野電磁,180,,3,6,9,27,27,Free,,2019-12-09
DANCE POP,Hyper Drive feat. ぷにぷに電機,パソコン音楽クラブ,130,,3,7,9,27,27,Free,,2019-12-09
NEO 90's CINEMATIC TECHNO,Infinity Mirror,Dirty Androids,148,,5,8,10,27,27,Free,,2019-12-09
PSYCHEDELIC TRANCE,Moving on,AJURIKA feat.矢吹真央,153,,5,8,11,27,27,Free,,2019-12-09
Hi-TECH FULL ON,Nasty Techniques,kors k,150,,5,9,11,27,27,Free,,2019-12-09
INDUSTRIAL BASS,NEWALONE,Masayoshi Iimori,110,,4,7,9,27,27,Free,,2019-12-09
ELECTRO NU DISCO,Silly Love,DÉ DÉ MOUSE,124-153,,4,8,10,27,27,Free,,2019-12-09
TECHNO,TECHNO Style Essentials,"BEMANI Sound Team ""SETUP from Berlin""",154,,6,9,12,27,27,Free,,2019-12-09
HARDCORE,THE BRAVE MUST DIE,"BEMANI Sound Team ""L.E.D.-G""",215,,6,10,12,27,27,Free,,2019-12-09
RAVECORE,T-REX vs Velociraptor (In the Far east euphoria),RoughSketch & TARACHINE,200,,7,9,12,27,27,Free,,2019-12-09
HEROIC VALHALLA ROCK,VALKYRIAS -英雄誕生-,"BEMANI Sound Team ""HuΣeR"" feat.Fernweh",184,2,6,9,11,27,27,Free,,2019-12-09
PROGRESSIVE DISCO,Virus Funk,Nhato,132,,4,7,10,27,27,Free,,2019-12-09
GOTHIC CORE,曼荼羅恋々,"BEMANI Sound Team ""Akhuta Works"" feat. Nana Takahashi",198,,6,9,11,27,27,Free,,2019-12-09
MS J TRANCE POP,セピアの軌跡 ft. 天宮みや(少女フラクタル),Xceon,158,,4,7,10,27,27,Free,,2019-12-09
OLD FASHIONED,OTOKOZAKA,"BEMANI Sound Team ""Trance Liquid""",160,,5,9,11,Mobile,Mobile,Free,,2019-12-23
Psychedelic,Psychedelic Intelligence,"BEMANI Sound Team ""Sota Fujimori""",150,,6,9,11,Mobile,Mobile,Free,,2019-12-23
EUPHORIC HARDSTYLE,SPARK IN THE NIGHT,"BEMANI Sound Team ""L.E.D.-G""",160,,4,8,10,Mobile,Mobile,Free,,2019-12-23
TECHNO,22DUNK,SLAKE,135,,3,4,5,1,1,Subscription,,2019-12-09
DANCE POP,deep in you,dj nagureo,126,,4,4,5,1,substream,Subscription,,2019-12-09
BIG BEAT,GAMBOL,SLAKE,102,,2,2,,1,1,Subscription,,2019-12-09
TRANCE,GENOM SCREAMS,L.E.D. LIGHT,150,,3,6,9,1,substream,Subscription,,2019-12-09
DIGI-ROCK,GRADIUSIC CYBER,TAKA,159-167,,5,6,7,1,1,Subscription,,2019-12-09
DANCE POP,KEEP ON MOVIN',N.M.R,132,,2,3,,1,substream,Subscription,,2019-12-09
JUNGLE,PARANOIA MAX～DIRTY MIX～,190,190,,5,6,8,1,substream,Subscription,,2019-12-09
RAVE,R3,tiger YAMATO,157,,4,5,6,1,1,Subscription,,2019-12-09
TRANCE,THE EARTH LIGHT,L.E.D. LIGHT,145,,4,7,8,1,substream,Subscription,,2019-12-09
MINIMAL,Digital MinD (A/T Libra mix),TaQ,155,,4,5,6,2,2,Subscription,,2019-12-09
BIG BEAT,Electro Tuned (the SubS mix),TaQ,125,,4,5,6,2,2,Subscription,,2019-12-09
ITALO HOUSE,I Was The One,good-cool,125,,3,3,4,2,2,Subscription,Yes,2019-12-09
GOA TRANCE,Indigo Vision (full flavour hide around mix),TaQ,155,,3,5,8,2,2,Subscription,,2019-12-09
JAZZ FUNK,PUT YOUR FAITH IN ME (for beatmania II),dj TAKA feat. UZI-LAY,127,,3,6,,2,2,Subscription,,2019-12-09
JUNGLE,SP-TRIP MACHINE (for beatmania II),dj TAKA feat. DE-SIRE,168,,3,4,4,2,2,Subscription,,2019-12-09
HYPER EUROBEAT,CAN'T STOP FALLIN' IN LOVE,NAOKI,155,,4,8,,3,3,Subscription,,2019-12-09
HAPPY HANDBAG,Don't Stop!,dj TAKA feat. JP Miles,130,,4,4,4,3,3,Subscription,,2019-12-09
HARD TECHNO,Holic,TaQ,154,,5,7,11,3,3,Subscription,,2019-12-09
DIGI-ROCK,LEADING CYBER,dj TAKA,150,,4,6,7,3,3,Subscription,,2019-12-09
RAVE,R5,tigerYAMATO with ultrabeatbox,180,,5,8,11,3,3,Subscription,,2019-12-09
TRANCE,REINCARNATION,dj TAKA,145,,4,5,7,3,3,Subscription,,2019-12-09
BIG BEAT,Schlagwerk,TaQ,125,,4,6,8,3,3,Subscription,,2019-12-09
EPIC HOUSE,Skyscraper,good-cool,135,,4,6,7,3,3,Subscription,,2019-12-09
AMBIENT,Tangerine Stream,dj TAKA,84,,2,3,,3,3,Subscription,,2019-12-09
WORLD HOUSE,THE SAFARI,Lion Musashi,150,2,7,10,,3,3,Subscription,,2019-12-09
GABBA,250bpm,AKIRA YAMAOKA,250,,5,8,10,4,4,Subscription,,2019-12-09
SPEED RAVE,B4U,NAOKI,155,,5,9,10,4,4,Subscription,,2019-12-09
HYPER EUROBEAT,Broken My Heart,NAOKI feat.PAULA TERRY,160,,5,7,9,4,4,Subscription,,2019-12-09
EURO GROOVE,Burnin' The Floor,NAOKI,155,,4,4,7,4,4,Subscription,,2019-12-09
HIP HOP,CHECKING YOU OUT,good-cool feat. JP Miles,108-216,,7,9,11,4,4,Subscription,,2019-12-09
DUTCH TRANCE,Clione,kors k,148,,4,5,9,4,4,Subscription,,2019-12-09
TECHNO,DXY!,TaQ,148,,6,9,10,4,4,Subscription,,2019-12-09
DRUN'N'BASS,empathy,TaQ,170,,5,7,8,4,4,Subscription,,2019-12-09
DRUM'N'BASS,era (step mix),TaQ,90-180,,5,8,9,4,4,Subscription,,2019-12-09
AMBIENT,FLOWERS for ALBION,dj TAKA,70-93,,2,5,,4,4,Subscription,,2019-12-09
DANCE POP,HIGHER,NM feat. Sunny,132,,3,4,6,4,4,Subscription,,2019-12-09
WARP HOUSE,Hitch Hiker2,good-cool,137,,4,6,7,4,4,Subscription,,2019-12-09
WARP HOUSE,Jam & Marmalade,FinalOffset,145,,6,7,8,4,4,Subscription,,2019-12-09
TECHNO,KAMIKAZE,dj nagureo,130,,5,6,10,4,4,Subscription,,2019-12-09
TRANCE,LOVE WILL・・・,riewo,144,,4,4,7,4,4,Subscription,,2019-12-09
MINIMAL,minimalian,DETROIAN,141,,3,8,9,4,4,Subscription,,2019-12-09
HAPPY HARDCORE,starmine,Ryu☆,182,2,5,8,9,4,4,Subscription,,2019-12-09
LOUNGE HOUSE,SWEET LAB,DJ SIMON,120,,3,6,10,4,4,Subscription,,2019-12-09
BIG BEAT,Voltage (feat. Hidemaru),TaQ,30-125,,5,7,8,4,4,Subscription,,2019-12-09
INTELLIGENCE,Abyss,dj TAKA,142,,5,7,8,5,5,Subscription,,2019-12-09
TRANCE,in my eyes,ric,142,,5,6,7,5,5,Subscription,,2019-12-09
HYPER EUROBEAT,LOVE AGAIN TONIGHT～for Mellisa mix～,NAOKI feat.PAULA TERRY,150,,4,5,6,5,5,Subscription,,2019-12-09
TECHNO,outer wall,sampling masters MEGA,149,,5,6,8,5,5,Subscription,,2019-12-09
TECHNO,QQQ,TaQ,155,,5,8,10,5,5,Subscription,,2019-12-09
BIG BEAT,Radical Faith,TaQ,114,,5,6,7,5,5,Subscription,,2019-12-09
INSTRUMENTAL,Regulus,DJ.W,120-128,,6,9,10,5,5,Subscription,,2019-12-09
POWER FUSION,RIDE ON THE LIGHT (HI GREAT MIX),Mr.T,180,,4,5,8,5,5,Subscription,,2019-12-09
NEW ROMANTIC,RISLIM,ric,130,,4,7,,5,5,Subscription,,2019-12-09
HOUSE,Spin the disc,good-cool,130,,5,7,8,5,5,Subscription,,2019-12-09
HYPER EURO BEAT,STILL IN MY HEART,NAOKI,150,,5,7,9,5,5,Subscription,,2019-12-09
AMBIENT,still my words,TaQ feat. Meg,136,,4,6,,5,5,Subscription,,2019-12-09
TRANCE,sync,OutPhase (TaQ/dj TAKA),167,,6,8,10,5,5,Subscription,,2019-12-09
EPIC TRANCE,THE SHINING POLARIS,L.E.D. feat. Sana,147,,5,7,8,5,4CS,Subscription,,2019-12-09
HOUSE,"19,November",good-cool,125,,5,6,8,6,6,Subscription,,2019-12-09
BALLAD,BALLAD FOR YOU～想いの雨～,NM feat. Thomas Howard,65,,4,5,7,6,6,Subscription,,2019-12-09
HOUSE,Blueberry Stream,dj TAKA,138,,5,7,8,6,6,Subscription,,2019-12-09
ROCK,Buffalo,good-cool feat. Hideo Suwa,108,,5,7,10,6,6,Subscription,,2019-12-09
HYPER TRANCE EURO BEAT,DIVE ～INTO YOUR HEART～,NAOKI feat.PAULA TERRY,155,,5,8,10,6,6,Subscription,Yes,2019-12-09
TRANCE,fly through the night,Mr.T,140,,4,7,8,6,6,Subscription,,2019-12-09
DANCE POP,Free Style,Shapes,132,,5,6,7,6,6,Subscription,,2019-12-09
TRANCE,Frozen Ray (original mix),dj TAKA,156,,6,9,9,6,6,Subscription,,2019-12-09
DRUM'N'BASS,G2,Aya,170,,8,9,11,6,6,Subscription,,2019-12-09
LOUNGE POP,Linus,LEGO STUDIO,160-176,,5,9,11,6,6,Subscription,,2019-12-09
TECHNO,NEMESIS,D.J.SETUP,164,,5,9,11,6,6,Subscription,,2019-12-09
ROTTERDAM TECHNO,rottel-da-sun,sampling masters MEGA,200,,5,8,10,6,6,Subscription,,2019-12-09
NOISY,route 80s,sampling masters MEGA,122,,6,8,9,6,6,Subscription,,2019-12-09
EPIC TRANCE,SOMETHING WONDERFUL,L.E.D.,150,,6,8,10,6,5CS,Subscription,,2019-12-09
TRIP HOP,Summer Vacation (CU mix),OutPhase,135,,6,9,,6,6,Subscription,,2019-12-09
INSTRUMENTAL,Take It Easy,Aya,205,,7,10,11,6,6,Subscription,,2019-12-09
SOUL,こっちを向いてよ,vivi,128,,5,6,7,6,6,Subscription,,2019-12-09
NU-NRG,電人イェーガーのテーマ (Theme of DENJIN J),L.E.D.,155,,5,7,,6,5CS,Subscription,,2019-12-09
RENAISSANCE,A,D.J.Amuro,93-191,,6,10,12,7,7,Subscription,,2019-12-09
ALTERNATIVE HOUSE,AVE DE RAPINA,Shawn the Horny Master,125,,6,8,9,7,7,Subscription,,2019-12-09
12BEAT,Burning Heat! (Full Option Mix),Mr.T with Motoaki.F,166,,4,5,7,7,7,Subscription,,2019-12-09
HYPER ROCK BEAT,D2R,NAOKI,160,,5,6,8,7,7,Subscription,,2019-12-09
HYPER EUROBEAT,DESTINY,NAOKI feat.PAULA TERRY,155,,5,6,8,7,7,Subscription,,2019-12-09
HIP HOP&SOUL,Glorious Days,Noria,40-83,,3,5,6,7,7,Subscription,,2019-12-09
HOUSE,Happy Wedding,ASKA,126,,6,7,8,7,7,Subscription,,2019-12-09
AMBIENT POP,Let the Snow Paint Me,Sana,130,,4,6,7,7,7,Subscription,Yes,2019-12-09
NEW WAVE,Love Me Do,AKIRA YAMAOKA,167,,5,7,9,7,7,Subscription,,2019-12-09
HOUSE,Spica,D.JW,128,,4,9,11,7,7,Subscription,,2019-12-09
TRANCE,Tomorrow Perfume,dj TAKA,144,,6,9,9,7,7,Subscription,,2019-12-09
ORCHESTRAL,革命,dj TAKA with NAOKI,83-148,,6,10,10,7,7,Subscription,,2019-12-09
DRUM'N'BASS,ALL RIGHT,RAM,180,,4,8,9,8,8,Subscription,,2019-12-09
テクノ歌謡,bit mania,AKIRA YAMAOKA,148,,4,5,8,8,8,Subscription,,2019-12-09
EURO GROOVE,CELEBRATE NITE,N.M.R,144,,5,6,8,8,8,Subscription,,2019-12-09
EUROBEAT,Colors -Y&Co. Eurobeat Remix-,dj TAKA (remixed by 横田商会),155,,5,9,10,8,8,Subscription,,2019-12-09
GARAGE HOUSE,dual control,Mr.T,131-140,,5,7,9,8,8,Subscription,,2019-12-09
PSYCHEDELIC TECHNO,Giudecca,D.J.SETUP,155,,4,9,11,8,8,Subscription,,2019-12-09
GOA TRANCE,HYPER BOUNDARY GATE,L.E.D.LIGHT,152,,6,8,9,8,6CS,Subscription,,2019-12-09
RAVE,LAB,RAM,180,,5,9,10,8,8,Subscription,,2019-12-09
HARD CHANSON,LOVE IS ORANGE,Orange Lounge,180,,4,6,8,8,8,Subscription,,2019-12-09
2 STEP,Luv 2 Feel Your Body,Shoichiro Hirata,134,,4,6,9,8,8,Subscription,,2019-12-09
BEAT ROCK,memories,TAKA,188,,5,9,9,8,8,Subscription,,2019-12-09
CUDDLE CORE,murmur twins,yu_tokiwa.djw,174,,5,9,11,8,8,Subscription,,2019-12-09
DISCO,PLEASE DON'T GO,ASLETICS,135,,5,7,12,8,8,Subscription,,2019-12-09
TRANCE,rainbow flyer,dj TAKA,148,,5,9,11,8,8,Subscription,,2019-12-09
TRANCE,STAR DREAM,PINK PONG,148,,5,7,9,8,8,Subscription,,2019-12-09
HOUSE,thunder,Lion MUSASHI,135,,6,8,9,8,8,Subscription,,2019-12-09
HIP HOP,WAR GAME,ASLETICS,93,,4,8,10,8,8,Subscription,,2019-12-09
POPS,World Wide Love,MTO,122,,3,5,5,8,8,Subscription,,2019-12-09
ELECTROSHOCK,xenon,Mr.T,158,,5,9,11,8,8,Subscription,,2019-12-09
J-TRANCE,蒼い衝動,NAOKI feat.YUKI,145,,5,7,8,8,8,Subscription,,2019-12-09
SPIRITUAL,桜,Reven-G,13-320,,7,10,12,8,8,Subscription,,2019-12-09
TRANCE CORE,Abyss -The Heavens Remix-,dj TAKA Remixed by Ryu☆,171,3,7,10,10,9,9,Subscription,,2019-12-09
RAVE,ACT,RAM,180,,6,9,9,9,9,Subscription,,2019-12-09
SPIRITUAL,bag,Reven-G,130,,5,6,10,9,9,Subscription,,2019-12-09
ROCOCO TEK,BRIGHTNESS DARKNESS,SPARKER,150,,4,8,9,9,9,Subscription,,2019-12-09
HEALIN' HARDCORE,Cradle,positive MA feat.akino,160-188,,5,8,10,9,9,Subscription,,2019-12-09
TRANCE,e-motion 2003 -romantic extra-,e.o.s. Remixed by dj TAKA,145,,6,8,10,9,9,Subscription,,2019-12-09
EUROBEAT,HYPER EUROBEAT (2DX style),NAOKI feat. PAULA TERRY,152,,5,8,10,9,9,Subscription,,2019-12-09
EUROBEAT,I Was The One (80's EUROBEAT STYLE),good-cool Remixed by NAOKI,142,,4,6,7,9,9,Subscription,Yes,2019-12-09
TRANCE,Let The Snow Paint Me -Y&Co. Remix-,Sana Remixed by Y&Co.,136,,5,6,10,9,9,Subscription,Yes,2019-12-09
SOUL,lights,flare,142,,3,6,8,9,9,Subscription,,2019-12-09
GOSPEL,Make A Difference,Lala Moore with CoCoRo*Co,130,,5,9,10,9,9,Subscription,,2019-12-09
EUROBEAT,MARIA (I believe... ),NAOKI feat.PAULA TERRY,158,,4,8,9,9,9,Subscription,,2019-12-09
POST ROCK,moon_child,少年ラジオ,130-160,,5,10,12,9,9,Subscription,,2019-12-09
HARDCORE RAVE,one or eight,sampling masters AYA,155,,7,10,12,9,9,Subscription,,2019-12-09
PSYCHEDELIC,Quickening,dj TAKA,150,,5,9,10,9,9,Subscription,,2019-12-09
ELECTRO 2 STEP,RISLIM -Remix-,ric Remixed by Hisashi Nawata,132,,4,6,11,9,9,Subscription,,2019-12-09
ROTTERDAM TECHNO,rottel-the-Mercury,sampling masters MEGA,200,,6,9,10,9,9,Subscription,,2019-12-09
HAPPY HANDBAG,Silvia Drive,dj TAKA feat. Noria,129,,4,8,9,9,9,Subscription,,2019-12-09
DRUM'N'BASS,SNOW,RAM,180,,5,7,10,9,9,Subscription,,2019-12-09
HIP HOP,SWEETEST SAVAGE,ASLETICS,114,,4,7,11,9,9,Subscription,,2019-12-09
HAPPY HARDCORE,Sweet Sweet ♡ Magic,jun,180,,5,8,10,9,9,Subscription,,2019-12-09
HOUSE,真夏の花・真夏の夢,Sana,130,,4,6,9,9,9,Subscription,,2019-12-09
お江戸テクノ,1st Samurai,sampling masters MEGA,175-200,,5,10,11,10,10,Subscription,,2019-12-09
PSYCHEDELIC TRANCE,ALIEN TEMPLE,PINK PONG,145,,5,7,8,10,10,Subscription,,2019-12-09
DREAM TECHNO,ASTRAL VOYAGE,EeL,136,,5,6,9,10,10,Subscription,,2019-12-09
ITALO POP,BABY LOVE,Noria,160,,6,7,10,10,10,Subscription,,2019-12-09
ROCOCO TEK,Boundary,Sparker,160,,4,9,9,10,10,Subscription,,2019-12-09
EUROBEAT,CARRY ON NIGHT (English version),platoniX (EURO style),158,,5,7,9,10,10,Subscription,,2019-12-09
ETHNO HARDCORE,Debtty Daddy,sampling masters AYA,155,,5,9,11,10,10,Subscription,,2019-12-09
PIANO BALLAD,desolation,Mr.T,72,,2,4,5,10,10,Subscription,,2019-12-09
HYPER J-POP FOUR,DoLL,TЁЯRA,170,2,5,6,7,10,10,Subscription,,2019-12-09
ELECTROSHOCK,EXE,Mr.T,158,,4,8,10,10,10,Subscription,,2019-12-09
DRUM'N'BASS,FEEL IT,RAM,180,,5,9,10,10,10,Subscription,,2019-12-09
GOA TRANCE,GHOST REVIVAL,L.E.D.,148,,5,9,10,10,10,Subscription,,2019-12-09
GAME MUSIC,GRADIUS -FULL SPEED-,Mr.T,160-220,,4,8,10,10,10,Subscription,,2019-12-09
RAVE,HIGH,RAM,180,,5,9,9,10,10,Subscription,,2019-12-09
TRANCE,Love Is Eternity,kors k,140,,6,9,11,10,10,Subscription,,2019-12-09
DANCE POP,Lucy,ELE BLOCK,156,,4,9,11,10,10,Subscription,,2019-12-09
ARTCORE,Narcissus At Oasis,Ryu☆,170,,4,10,10,10,10,Subscription,,2019-12-09
PROGRESSIVE BAROQUE,No.13,TAKA respect for J.S.B.,172,,8,10,11,10,10,Subscription,,2019-12-09
HAPPY,One More Lovely,Risk Junk,200,,5,9,12,10,10,Subscription,,2019-12-09
HAPPY HARDCORE,rainbow rainbow,Ryu☆,177,,7,10,11,10,10,Subscription,,2019-12-09
TRANCE,Rise'n Beauty,Sota feat. Cyborg Akemi,144,,6,9,10,10,10,Subscription,,2019-12-09
J-POP,SHOOTING STAR,小坂りゆ,140,,7,8,9,10,10,Subscription,,2019-12-09
戦艦テクノ,SPACE FIGHT,AKIRA YAMAOKA,139,,3,8,11,10,10,Subscription,,2019-12-09
HARD HOUSE,雪月花,Ryu☆,151,,6,10,12,10,10,Subscription,,2019-12-09
ムートラ(ムードトランス),システムロマンス,ヒロシ＆チー子,148,,4,7,8,10,10,Subscription,,2019-12-09
RENAISSANCE,AA,D.J.Amuro,154,,5,10,12,11,11,Subscription,,2019-12-09
HAPPY HARDCORE,AGEHA,Ryu☆,180,3,5,8,9,11,11,Subscription,,2019-12-09
PSYCHEDELIC GOA TRANCE,ANDROMEDA,Sota Fujimori,150,,5,8,11,11,11,Subscription,,2019-12-09
TRANCE,awakening,AKIRA YAMAOKA,143,,5,7,10,11,11,Subscription,,2019-12-09
HARD DANCE,Be quiet,Ryu☆,150,,5,9,11,11,11,Subscription,,2019-12-09
TRANCE,BLOCKS,SPARKER,141,,5,7,11,11,11,Subscription,,2019-12-09
ROCOCO TEK,BREATH,SPARKER,160,,6,7,10,11,11,Subscription,,2019-12-09
AMERICA,Close my Eyes for Me,D-crew feat.DENNIS GUNN(DJ Yoshitaka SCRATCHING),132-145,,5,8,9,11,11,Subscription,,2019-12-09
J-POP,D.A.N.C.E.!,DJ Yoshitaka feat. 星野奏子,116,,3,5,10,11,11,Subscription,,2019-12-09
J-POP,Don't be afraid myself,platoniX with ray.D,165,,5,9,10,11,11,Subscription,,2019-12-09
PIANO BALLAD,earth scape,dj TAKA,45-94,,2,5,7,11,11,Subscription,,2019-12-09
DRUM'N'BASS,GENOCIDE,dj Killer,175,,6,10,11,11,11,Subscription,,2019-12-09
NUSTYLE GABBA,gigadelic,teranoid feat. MC Natsack,173,3,9,12,12,11,11,Subscription,,2019-12-09
HAPPY HARDCORE,HORIZON,LIA,171,,5,7,8,11,11,Subscription,,2019-12-09
BEAT ROCK,KEY,colors,212,,6,8,11,11,11,Subscription,,2019-12-09
PSYCHEDELIC TRANCE,NEBULA GRASPER,L.E.D.,152-153,,6,9,10,11,8CS,Subscription,,2019-12-09
COLORFUL HARDCORE,Raspberry♡Heart (English version),jun feat. PAULA TERRY,160,,5,8,9,11,11,Subscription,,2019-12-09
PSYCHEDELIC TECHNO,spiral galaxy,D.J.SETUP,154,,5,9,11,11,11,Subscription,,2019-12-09
CYBORG TRANCE,The Hope of Tomorrow,Sota Fujimori,144,,5,8,10,11,11,Subscription,,2019-12-09
HYPER J-POP FIVE,ULTiMΛTE,TЁЯRA,180,,5,7,9,11,11,Subscription,,2019-12-09
CYBER J-EURO,太陽 ～T・A・I・Y・O～,NAOKI feat.星野奏子,155,,4,8,9,11,11,Subscription,,2019-12-09
SYNTHETIC PROGRESSIVE ROCK,100% minimoo-G,Sota Fujimori,252,,5,10,11,12,12,Subscription,,2019-12-09
GOTHIC METAL,Agnus Dei,あさき,70-168,,5,9,10,12,12,Subscription,Yes,2019-12-09
TRANCE CORE,Aurora,Ryu☆,181,,7,10,11,12,12,Subscription,,2019-12-09
NOSTALISH REQUIEM,CaptivAte～浄化～,A/I,160,,5,9,11,12,12,Subscription,,2019-12-09
ACID JAZZ,Catch Me,DJ Yoshitaka feat. ERi,115,,5,8,10,12,12,Subscription,,2019-12-09
BATTLE2005,double thrash,414,166,,6,10,10,12,12,Subscription,,2019-12-09
HYPER J-POP SIX,EDEN,TЁЯRA,200,,6,9,10,12,12,Subscription,,2019-12-09
E-ROCK,EMPTY OF THE SKY,AKIRA YAMAOKA,182,,3,5,8,12,12,Subscription,,2019-12-09
SWING WALTZ,garden,青野りえ,220,,4,7,10,12,12,Subscription,,2019-12-09
RAVE,Get'em up to R.A.V.E,Disconation,145,,5,8,10,12,12,Subscription,,2019-12-09
BROKEN TEK,GREEN EYES,SLAKE,170,,6,8,10,12,12,Subscription,,2019-12-09
HAPPY HARDCORE,HAPPY☆ANGEL,jun with TAHIRIH,180,3,5,7,10,12,12,Subscription,,2019-12-09
CYBER J-ROCK,I am,有沢みはる from BeForU,190,,5,8,10,12,12,Subscription,,2019-12-09
CLICK HOUSE,in motion,Ryu☆,138,,5,6,7,12,12,Subscription,,2019-12-09
TRANCE,INAZUMA,dj TAKA,148,,5,9,11,12,12,Subscription,,2019-12-09
HAPPY EXTREME,LESSON 5,Risk Junk feat. Erika Mochizuki,152,,5,8,9,12,12,Subscription,,2019-12-09
PUNK OPERA,Little Little Princess,SHRINE 418,180-212,,5,10,11,12,12,Subscription,,2019-12-09
FUTURE HOUSE,MOON RACE,ELEKTEL,147,,5,7,9,12,12,Subscription,Yes,2019-12-09
SYNTHESIZED TECHNO,PLASMA,Sota Fujimori,148,,4,8,9,12,12,Subscription,,2019-12-09
DIGI-ROCK,rage against usual,dj TAKA feat.Gt.Shintaro,152,,7,10,12,12,12,Subscription,,2019-12-09
BREAKCORE,SCREAM SQUAD,CALF,220,,7,10,12,12,12,Subscription,,2019-12-09
TECHNO,Scripted Connection⇒ N mix,DJ MURASAME,151,,6,8,10,12,12,Subscription,,2019-12-09
TECHNO,Scripted Connection⇒ H mix,DJ MURASAME,151,,7,10,11,12,12,Subscription,,2019-12-09
TECHNO,Scripted Connection⇒ A mix,DJ MURASAME,151,,7,10,12,12,12,Subscription,,2019-12-09
MAKINA,SigSig,kors k,179,3,5,7,10,12,12,Subscription,,2019-12-09
MPB,Tizona d'El Cid,TOMOSUKE,265,,5,9,10,12,12,Subscription,,2019-12-09
MAKINA,Twelfth Style,Tatsh&DAYBREAKERS NEXT,160,,6,7,10,12,12,Subscription,,2019-12-09
J-EUROTRANCE,Under the Sky,南さやか(BeForU) with platoniX,170,,5,7,9,12,12,Subscription,,2019-12-09
ANTHEM TRANCE,Votum stellarum,iconoclasm (dj TAKA/wac),136-147,,4,9,10,12,12,Subscription,,2019-12-09
HARD DANCE,合体せよ！ストロングイェーガー！！ (Ryu☆ remix),L.E.D. / Remixed by Ryu☆,155,,5,8,11,12,12,Subscription,,2019-12-09
J-HAPPY HARDCORE,ヒマワリ,小坂りゆ,185,,3,9,10,12,12,Subscription,Yes,2019-12-09
HUMAN SEQUENCER,冥,Amuro vs Killer,66-200,3,5,10,12,12,12,Subscription,,2019-12-09
REGGAE,ラクエン,Chonan Chiharu,99-198,,4,6,11,12,12,Subscription,,2019-12-09
HYPER J-POP SEVEN,ALFARSHEAR 双神威に廻る夢,TЁЯRA,170,2,5,7,10,13,13,Subscription,,2019-12-09
HARD RENAISSANCE,Bloody Tears(IIDX EDITION),DJ YOSHITAKA,170,,5,9,10,13,13,Subscription,,2019-12-09
PROGRESSIVE,Concertino in Blue,佐々木博史,103-155,2,5,10,12,13,13,Subscription,,2019-12-09
SUBLIME TECHNO,CONTRACT,朱雀,180,,9,10,11,13,13,Subscription,,2019-12-09
TECHNO,D.C.fish,DJ MURASAME,155,,5,9,11,13,13,Subscription,,2019-12-09
J-POP,Double♡♡Loving Heart,Tatsh feat. Junko Hirata & Sayaka Minami,138,,3,6,9,13,13,Subscription,,2019-12-09
80'S TECHNO,EURO-ROMANCE,K-MASERA,161,,5,8,10,13,13,Subscription,,2019-12-09
PROGRESSIVE HOUSE,Harmony and Lovely,Ryu☆,135,,4,8,11,13,13,Subscription,,2019-12-09
TRANCE,Heavenly Sun (IIDX VERSION),AKIRA YAMAOKA,130,,4,7,10,13,13,Subscription,,2019-12-09
BRAZILIAN HOUSE,INFERNO,Caldeira feat.星野奏子,135,,5,7,9,13,13,Subscription,,2019-12-09
NEW ACOUSTIC,Melody Life,Noria,172,,4,6,9,13,13,Subscription,,2019-12-09
ELECTRONICA,MINT,SLAKE,150,,6,10,11,13,13,Subscription,,2019-12-09
哀愁ユーロ,MOON,dj TAKA feat. Erika Mochizuki,156,,5,9,10,13,13,Subscription,,2019-12-09
2 STEP,Power of Love,kors k feat. PSY,135,,5,7,10,13,13,Subscription,,2019-12-09
BUCHIAGE TRANCE,So Fabulous !!,HHH (Ryu☆ & Dai),149,,5,8,10,13,13,Subscription,,2019-12-09
HAPPY POP,Sun Field,mh sequence,152,,3,8,11,13,13,Subscription,,2019-12-09
SADISTIC HARDCORE,The Dirty of Loudness,Tatsh Assault X,165,,7,10,11,13,13,Subscription,,2019-12-09
CORE POP,This is Love,D-crew feat.MAKOTO,175,,4,8,10,13,13,Subscription,,2019-12-09
GABBA,tripping contact (teranoid&MC Natsack Remix),kors k vs teranoid,187,,6,10,11,13,13,Subscription,,2019-12-09
PSYCHEDELIC TRANCE,TYPE MARS (G-Style Mix),L.E.D.,159,,5,9,11,13,13,Subscription,,2019-12-09
DANCE SPEED,waxing and wanding,青龍,191,,7,10,11,13,13,Subscription,,2019-12-09
LOVERS EUROBEAT,Why did you go away,jun with TAHIRIH,160,3,5,8,10,13,13,Subscription,,2019-12-09
EUROBEAT,WISH (EUROBEAT MIX),DJ YOSHITAKA feat.杉村ことみ,155,,5,8,9,13,13,Subscription,,2019-12-09
FUNK'N JAZZ HOUSE,with you...,Sota Fujimori,135,,4,6,9,13,13,Subscription,,2019-12-09
CYBER OPUS,Zenius -I- vanisher,Tatsh,160,,5,7,10,13,13,Subscription,,2019-12-09
和式電子音楽,カゴノトリ～弐式～,橙色特別室,140,,6,9,12,13,13,Subscription,Yes,2019-12-09
ASIAN MIXTURE,華蝶風雪,白虎,199,,6,10,11,13,13,Subscription,,2019-12-09
POPROCK,タシカナモノ,星野奏子 with the BAND,180,,5,7,9,13,13,Subscription,,2019-12-09
CONTEMPORARY,嘆きの樹,金獅子,160,,8,11,12,13,13,Subscription,,2019-12-09
LOVELY TRANS POP,虹色,DJ YOSHITAKA feat. G.S.C. license,160,,5,8,9,13,13,Subscription,,2019-12-09
FLOW POP,Air Bell,D-crew,171,,5,6,8,14,14,Subscription,,2019-12-09
PSYCHEDELIC SYNTH TRANCE,ANDROMEDA II,Sota Fujimori,152,,5,9,10,14,14,Subscription,,2019-12-09
EPIC POETRY,"Blind Justice ～Torn souls, Hurt Faiths～",Zektbach,137-165,,6,8,11,14,14,Subscription,Yes,2019-12-09
HAPPY,Candy Galy,Risk Junk-G,184,,7,10,12,14,14,Subscription,,2019-12-09
NOSTALISH REQUIEM,CaptivAte～裁き～,DJ YOSHITAKA feat.A/I,180,3,6,8,9,14,14,Subscription,,2019-12-09
NOSTALISH REQUIEM,CaptivAte～誓い～,A/I,160,,6,9,10,14,14,Subscription,,2019-12-09
DRAMATIC EURO TRANCE,CROSSROAD ～Left Story～,jun with TAHIRIH,170,,5,8,10,14,14,Subscription,,2019-12-09
CYBORG TRANCE,Cyber Force,Sota Fujimori feat.cyborg AKEMI,146,,5,9,10,14,14,Subscription,,2019-12-09
SuperNOVA BEAT,Fascination MAXX,100-200-400,100-400,,9,11,12,14,14,Subscription,,2019-12-09
ROCK,four-leaf,Sis Bond Chit,157,,4,6,8,14,14,Subscription,,2019-12-09
ELECTRONICA,GRID KNIGHT,SAW WAVE SQUAD,160,,6,8,10,14,14,Subscription,,2019-12-09
FILTER HOUSE,heaven above,kors k,132,,5,7,9,14,14,Subscription,,2019-12-09
HIGH SPEED LOVE SONG,High School Love,DJ YOSHITAKA feat.DWP,180,2,4,6,9,14,14,Subscription,,2019-12-09
MILLENNIUM TRANCE,INORI,dj TAKA feat.HAL,146,,6,10,11,14,11CS,Subscription,,2019-12-09
NU-SKOOL BREAKS,LASER CRUSTER,L.E.D.,152,,7,11,12,14,14,Subscription,,2019-12-09
POPS,Love Again...,Tatsh feat. Junko Hirata,110,,3,4,5,14,11CS,Subscription,,2019-12-09
OLDSKOOL HARDCORE RAVE,METALLIC MIND,DJ TECHNORCH fw.GUHROOVY,150,,4,8,9,14,14,Subscription,,2019-12-09
DANCE POP,never...,Kanako Hoshino with dj TAKA,130,,4,7,8,14,14,Subscription,,2019-12-09
ELE POP,smile,miru_maki.gjw,158,,7,9,11,14,14,Subscription,,2019-12-09
SCHRANZ,the shadow,kors k,156,,6,9,11,14,14,Subscription,,2019-12-09
POP,The Smile of You,猫叉Master feat.JESSY,136,,4,7,8,14,14,Subscription,,2019-12-09
PSG WORKS,TRANOID,T&S seq. factory,130-190,,5,10,11,14,14,Subscription,,2019-12-09
DECEPTIVE GABBA,VANESSA,朱雀,185,,8,11,12,14,14,Subscription,,2019-12-09
HYPER J-POP ZERO,零 - ZERO -,TЁЯRA,180,1,6,8,9,14,14,Subscription,,2019-12-09
FUTURE POP,クルクル☆ラブ～Opioid Peptide MIX～,イオンチャンネル,185,2,5,8,10,14,14,Subscription,,2019-12-09
NU-NRG,電人、暁に斃れる。,L.E.D.-G,165,3,7,10,12,14,14,Subscription,,2019-12-09
J-POP,星をこの手に,DJ YOSHITAKA feat.星野奏子,165,,7,9,10,14,14,Subscription,,2019-12-09
TECHNO,ヨシダさん,AKIRA YAMAOKA,150,,5,7,9,14,14,Subscription,,2019-12-09
EURO TRANCE,リグレット,星野奏子,155,,6,8,10,14,11CS,Subscription,,2019-12-09
TECH-TRONIKA,beatonic nation,Sota Fujimori,165,,5,8,9,15,15,Subscription,,2019-12-09
TRANCE,Blue Rain,dj TAKA Vs. Ryu☆,144,2,6,8,11,15,15,Subscription,,2019-12-09
J-R&B,Darling my LUV,DJ Yoshitaka feat.B-Agents,100,,4,6,8,15,15,Subscription,,2019-12-09
TECH-BREAKBEATS,Digitank System,DJ Mass MAD Izm*,128,,6,9,11,15,15,Subscription,,2019-12-09
N-BEATS,Do it!! Do it!!,Kraken,300,,8,10,11,15,15,Subscription,,2019-12-09
FRENZY HOUSE,end of world,猫叉Master+,162,,6,9,10,15,15,Subscription,,2019-12-09
PROG,evergreen,kors k,133,,5,7,10,15,15,Subscription,,2019-12-09
JUNGLE,four pieces of heaven,Lion,120-195,,5,10,11,15,15,Subscription,,2019-12-09
TRANCE,Freeway Shuffle,dj TAKA,145,,4,7,10,15,15,Subscription,,2019-12-09
NU-SKOOL BREAKBEATS HARDCORE,ICARUS,Eagle,126-251,,7,10,12,15,15,Subscription,,2019-12-09
HAPPY HARDCORE,in the Sky,Ryu☆,180,,7,9,11,15,12CS,Subscription,,2019-12-09
HAPPY HARDCORE,LOVELY STORM,L.E.D.-G,178,,6,9,10,15,12CS,Subscription,,2019-12-09
PROGRESSIVE HOUSE,madrugada,PINK PONG,125,,4,7,10,15,15,Subscription,,2019-12-09
IRREGULAR HI-BREAK,MENDES,Humanoid,168,,6,11,12,15,15,Subscription,,2019-12-09
HARD HOP,MENTAL MELTDOWN,GUHROOVY fw.DJ TECHNORCH,145,,6,10,11,15,15,Subscription,,2019-12-09
ONLY ONE EURO BEAT,NEW GENERATION -もう、お前しか見えない-,SUPER STAR 満-MITSURU-,165,,5,9,10,15,15,Subscription,,2019-12-09
HYMNUS,oratio,蓑舞衆,162,,7,10,12,15,15,Subscription,,2019-12-09
SuperNOVA2 BEAT #1,PARANOiA ～HADES～,αTYPE-300,75-300,,7,11,12,15,15,Subscription,,2019-12-09
BALLAD,PROMISE FOR LIFE,TЁЯRA WORKS,70,,3,7,8,15,15,Subscription,,2019-12-09
TRI EURO FANTASIA,REMINISCENCE,jun with Alison,171,,6,9,10,15,15,Subscription,,2019-12-09
OUVERTÜRE,Ristaccia,Zektbach,160,,6,9,12,15,15,Subscription,,2019-12-09
HARD HOUSE,"satellite020712 from ""CODED ARMS""",猫叉Master,154,,6,9,11,15,10CS,Subscription,,2019-12-09
WORLD/ELECTRONICA,scar in the earth,猫叉Master,141,,4,5,8,15,15,Subscription,,2019-12-09
FREEFORM HARDCORE,SOUND OF GIALLARHORN,L.E.D.-G,184,2,6,10,11,15,15,Subscription,,2019-12-09
TECHNOTRONICA,State Of The Art,Sota Fujimori feat. cyborg AKEMI,155,,5,8,11,15,15,Subscription,,2019-12-09
BREAK CORE,STEEL NEEDLE,Scorpion,205,,6,10,11,15,15,Subscription,,2019-12-09
ETHNOTRONICA,the trigger of innocence,Seiya Murai,150,,5,7,9,15,15,Subscription,,2019-12-09
DANCE SPEED,Time to Air,青龍,191,,6,10,11,15,15,Subscription,,2019-12-09
SuperNOVA2 BEAT #2,TRIP MACHINE PhoeniX,DE-SIRE改,80-160,,6,9,10,15,15,Subscription,,2019-12-09
ULTIMATE CORE,TROOPERS,Des-TRACT,177,,6,10,12,15,15,Subscription,,2019-12-09
PROGRESSIVE BAROQUE,Übertreffen,TAKA respect for J.S.B.,174,,6,10,11,15,15,Subscription,,2019-12-09
PIANO HOUSE,Wanna Party?,RAM,128,,4,7,8,15,15,Subscription,,2019-12-09
POST RENAISSANCE,少年A,Remixed by 少年ラジオ,90-192,,6,10,12,15,15,Subscription,,2019-12-09
SOLDIER'S BALLAD,走馬灯 -The Last Song-,TAKA,68-85,,3,4,7,15,15,Subscription,,2019-12-09
EDUCATION,マチ子の唄,AKIRA YAMAOKA,152,,4,6,8,15,15,Subscription,,2019-12-09
FUSION,ミラージュ・レジデンス,Jimmy Weckl,144,,5,9,10,15,15,Subscription,,2019-12-09
HARD CORE,ALL I NEED YOUR LOVE,GUHROOVY fw.M-Project,145,,5,7,9,16,16,Subscription,,2019-12-09
ONLY ONE EURO BEAT,ALL MY TURN -このターンに、オレの全てを賭ける-,SUPER STAR 満-MITSURU-,170,,6,9,11,16,16,Subscription,,2019-12-09
ARABIC HARDCORE,Arabian Rave Night,dj MAX STEROID,180,,6,10,11,16,16,Subscription,,2019-12-09
RECKLESS RAVE,B4U (BEMANI FOR YOU MIX),Remixed by DJ YOSHITAKA with Michael a la mode,170,,6,9,11,16,16,Subscription,,2019-12-09
HOUSE,Bahram Attack -猫叉Master Remix-,猫叉Master feat. JUNE,155,,4,9,10,16,16,Subscription,,2019-12-09
HAPPY☆JIG,BRIDAL FESTIVAL !!!,S.S.D. feat.ななっち,138,,4,7,9,16,16,Subscription,,2019-12-09
JUMPSTYLE,BITTER CHOCOLATE STRIKER,L.E.D.-G,165,,5,10,12,16,16,Subscription,,2019-12-09
NOSTALISH REQUIEM,CaptivAte2～覚醒～,e-lma,175,1,6,9,11,16,16,Subscription,,2019-12-09
BUCHIAGE TRANCE,Cyber Force -DJ Yoshitaka Remix-,Remixed By DJ YOSHITAKA,146,,5,9,10,16,16,Subscription,,2019-12-09
MEGA MIX,Flash Back 90's,kors k as disconation,155,,4,8,10,16,16,Subscription,,2019-12-09
TRANCE CORE,Go Beyond!!,Ryu☆ Vs. Sota,200,3,6,10,12,16,13CS,Subscription,,2019-12-09
MORNING FULL ON,HYPERION,L.E.D.,150,,6,9,11,16,16,Subscription,,2019-12-09
TECHNO POP,I'm Screaming LOVE,Creative Life,147,,4,6,7,16,16,Subscription,,2019-12-09
NU SKOOL BREAKS,Just a Little Smile,Sota Fujimori,136,,4,8,11,16,12CS,Subscription,,2019-12-09
ASIAN JANGLE,Kung-fu Empire,飛燕流舞,177,,6,10,11,16,16,Subscription,,2019-12-09
TECH-BREAKBEATS,naughty girl@Queen's Palace,DJ Mass MAD Izm*,145,,5,9,11,16,16,Subscription,,2019-12-09
ENERGETIC TRANCE,neogenesis,DM Ashura,151,,4,6,9,16,16,Subscription,,2019-12-09
PSY TRANCE(FULL ON),Programmed World,kors k as StripE,153,,5,9,11,16,16,Subscription,,2019-12-09
BIG BEAT,Queen's Tragedy,猫叉Master+,152,,4,8,10,16,16,Subscription,,2019-12-09
TECHNO,SOLITON BEAM,L.E.D.,152,,6,9,10,16,11CS,Subscription,,2019-12-09
ONLY ONE EPILOGUE,THANK YOU FOR PLAYING,SUPER STAR 満-MITSURU-,45-170,,5,9,10,16,16,Subscription,,2019-12-09
ELEMENTAL CHANT,Turii ～Panta rhei～,Zektbach,148,2,4,9,10,16,16,Subscription,,2019-12-09
ONLY ONE TECHNO,"You'll say ""Now!""",BLACK STAR 幸広-YUKIHIRO-,155,,6,10,11,16,16,Subscription,,2019-12-09
RAGE AGAINST EMPRESS,天空脳番長危機十六連打,D.J.SETUP,150,,5,10,11,16,16,Subscription,,2019-12-09
IRON CONCERTO,鉄甲乙女 -under the steel-,Seiya Murai,160,,4,7,10,16,16,Subscription,,2019-12-09
J-TRANCE,翼,小林ゆう,148,,4,7,9,16,16,Subscription,,2019-12-09
HOU-ROCK,ハリツヤランデヴー,Des-MASTERS,143,,5,8,10,16,16,Subscription,,2019-12-09
ESOTERIC SPEEDCORE,卑弥呼,朱雀 VS 玄武,83-185,,6,11,12,16,16,Subscription,,2019-12-09
HARDCORE,不沈艦CANDY,Risk Junk,188,3,6,9,12,16,16,Subscription,,2019-12-09
J-DANCE POP,まほろば,HHH+H,149,,5,7,9,16,16,Subscription,,2019-12-09
TRENDY TECHNO,ミッドナイト堕天使,Dr. Honda,150,,5,7,11,16,16,Subscription,,2019-12-09
ポップス,山岡晃の「クイズ！家事都合！」,AKIRA YAMAOKA feat.喜屋武ちあき,148,,4,7,10,16,16,Subscription,,2019-12-09
SPEEDCORE,AIR RAID FROM THA UNDAGROUND,GUHROOVY,180,3,7,9,11,17,17,Subscription,,2019-12-09
AKASHIC RECORDS,Almagest,Galdeira,178,,7,11,12,17,17,Subscription,,2019-12-09
INDUSTRIAL,Bad Maniacs,kors k as teranoid,195,,7,10,12,17,17,Subscription,,2019-12-09
ELECTRO POP,being torn the sky,猫叉Master+ feat.JUNE,102,,4,7,10,17,17,Subscription,,2019-12-09
HAPPY HARDCORE,bloomin' feeling,Ryu☆,181,2,7,9,11,17,17,Subscription,,2019-12-09
SUBLIME TECHNO,CaptivAte～裁き～(SUBLIME TECHNO MIX),Remixed by DJ YOSHITAKA,180,,6,8,10,17,17,Subscription,,2019-12-09
NEXT SKOOL BREAKBEATS HARDCORE,D,Eagle,30-240,,8,10,11,17,17,Subscription,,2019-12-09
EUROBEAT,Dazzlin' Darlin-秋葉工房mix-,Remixed by DJ Command,172,,4,8,10,17,17,Subscription,,2019-12-09
UK HARDCORE,DESIRE,M-Project fw.GUHROOVY,175,,5,9,11,17,17,Subscription,,2019-12-09
HARDCORE,DOMINION,L.E.D.-G,196,,7,10,12,17,17,Subscription,,2019-12-09
WHITE SEQUENCE,DROP,dj TAKA feat.Kanako Hoshino,152,,4,9,11,17,17,Subscription,,2019-12-09
TRANCE CORE,Elisha,DJ YOSHITAKA,185,2,6,10,11,17,17,Subscription,,2019-12-09
CYBERPUNK,Empire State Glory,Dirty Androids,175,,6,9,11,17,17,Subscription,,2019-12-09
HARDCORE,eRAseRmOToRpHAntOM,L.E.D.-G VS GUHROOVY,135-270,,7,10,12,17,11CS,Subscription,,2019-12-09
HARDCORE,EXUSIA,L.E.D.-G,188,,6,10,12,17,17,Subscription,,2019-12-09
EXPERIMENTAL MUSIC,G59,怒れる金の獅子,170,,7,10,12,17,17,Subscription,,2019-12-09
HARDCORE TECHNO,GALGALIM,L.E.D.,165,,6,10,11,17,17,Subscription,,2019-12-09
TECH DANCE,Hydrogen Blueback,MAD CHILD,143,,5,8,10,17,17,Subscription,,2019-12-09
EUROBEAT,Keep it-秋葉工房mix-,DJ Command feat.NAGISA,166,,5,9,10,17,17,Subscription,,2019-12-09
ELECTRO,Last Burning,Dirty Androids,130,,5,7,10,17,17,Subscription,,2019-12-09
BUBBLEGUM DANCE,Light Shine,Ryu☆,140,,5,7,10,17,17,Subscription,,2019-12-09
ONLY ONE IDOL SONG,NEW SENSATION -もう、あなたしか見えない-,SUPER HEROINE 彩香 -AYAKA-,200,,6,10,11,17,17,Subscription,,2019-12-09
TECHNO POP,NoN-Fiction Story!,Creative Life,160,,4,7,10,17,17,Subscription,,2019-12-09
PSY TRANCE(MORNING),Programmed Sun,kors k,144,,6,9,11,17,17,Subscription,,2019-12-09
TRANCE,quell～the seventh slave～,dj TAKA Vs. DJ YOSHITAKA,"140 (N/H),162 (A)",,4,9,12,17,13CS,Subscription,,2019-12-09
TECH-BREAKBEATS,Red. by Full Metal Jacket,DJ Mass MAD Izm*,158,,6,10,12,17,17,Subscription,,2019-12-09
HARDSTYLE,SOLID STATE SQUAD,kors k Vs. L.E.D.,155,,5,10,12,17,13CS,Subscription,,2019-12-09
EMO,Sorrows,Asako Yoshihiro,185,,5,8,10,17,17,Subscription,,2019-12-09
J-HOUSE,Special One,kors k feat. Suzuyo Miyamoto,128,,5,7,9,17,17,Subscription,Yes,2019-12-09
DRUM & BASS,THE LAST STRIKER,L.E.D.,185,,6,8,11,17,15CS,Subscription,,2019-12-09
EPIC TRANCE,The Story Begins,SADA & SOTA,150,,4,8,10,17,14CS,Subscription,,2019-12-09
INSANIO,かずあそび,CULTVOICE by S.S.D.PRODUCTS,170,,3,6,8,17,17,Subscription,,2019-12-09
J-POP,コスモス,TSU-NA,148,,5,8,9,17,17,Subscription,,2019-12-09
WORLD/ELECTRONICA,水上の提督 (Short mix from ”幻想水滸V”),猫叉Master,140,,4,8,10,17,11CS,Subscription,,2019-12-09
DISTORTED NEW AGE,バビロニア,劇団レコード,164,,4,7,8,17,17,Subscription,,2019-12-09
STARPOP,未来のプリズム,星野奏子,132,,4,7,9,17,17,Subscription,,2019-12-09
VALSE,"ワルツ第17番 ト短調""大犬のワルツ""",virkato,"190-290 (N),220-310 (H),230-320 (A)",,6,10,12,17,17,Subscription,,2019-12-09
TECHNO,Aegis,IT medalion,162,,6,8,11,18,18,Subscription,,2019-12-09
HARD RENAISSANCE,ALBIDA,DJ YOSHITAKA,185,3,6,10,12,18,18,Subscription,,2019-12-09
STARPOP,Answer,星野奏子,156,,4,7,10,18,18,Subscription,,2019-12-09
LATIN TEK,ANTHEM LANDING,DJムラサメ,151,,5,9,11,18,18,Subscription,,2019-12-09
CROSSOVER HOUSE,BLUST OF WIND,Anemo=Aspel by MLREC.,145,,5,8,10,18,18,Subscription,,2019-12-09
DANCEHALL,Bounce Bounce Bounce,kors k feat. Kanata Okajima＆楽天斎,116,,5,9,11,18,18,Subscription,,2019-12-09
HARDCORE,Breaking the ground,Art of Fighters,166,,5,8,10,18,18,Subscription,,2019-12-09
SYMPHONIC-TEK,BROKEN EDEN,MYTHOLOGIA by MLREC.,162,,6,9,11,18,18,Subscription,,2019-12-09
トレンディートランス,Dances with Snow Fairies,Dr.Honda,154,,7,10,12,18,18,Subscription,,2019-12-09
ELECTRIC STEP,Destiny Sword,CAPACITY GATE,155,,5,9,11,18,18,Subscription,,2019-12-09
GABBA,ELECTRIC MASSIVE DIVER,L.E.D.-G,178,,6,10,12,18,18,Subscription,,2019-12-09
ONLY ONE ANTHEM,Everlasting Resort,SUPER STAR 満 -MITSURU-,148,,4,7,10,18,18,Subscription,,2019-12-09
HYPER FANTASIA,Fantasia,TËЯRA,165,1,3,8,10,18,18,Subscription,,2019-12-09
NU DISCO,Golden Palms,Dirty Androids,130,,5,8,10,18,18,Subscription,,2019-12-09
DRUM&BASS,I FIGHT ME,kobo feat.Marsha,175,,3,7,9,18,18,Subscription,,2019-12-09
ENERGETIC HAWAIIAN TRANCE,Kailua,kors k,146,,5,9,11,18,18,Subscription,,2019-12-09
UK HARDCORE,Let The Track Flow,Brisk & Ham,175,,6,9,11,18,18,Subscription,,2019-12-09
IIDX HANDZ UP!!,Never Fade Away,Sota Fujimori feat. dj MAX STEROID,170,,4,8,11,18,18,Subscription,,2019-12-09
DYSTOPIA,New Castle Legions,Dirty Androids,120-180,,6,10,12,18,18,Subscription,,2019-12-09
TRANCE CORE,PARADISE LOST,Ryu☆ Vs. L.E.D.-G,200,,7,11,12,18,18,Subscription,,2019-12-09
HANDZ UP,passionate fate,Ryu☆,149,,6,8,10,18,18,Subscription,,2019-12-09
PSY TRANCE (FULL ON),Programmed Life,kors k,145,,6,9,10,18,18,Subscription,Yes,2019-12-09
CYBER WALTZ,reunion,Tatsh,184,3,8,11,12,18,18,Subscription,,2019-12-09
UK HARDCORE,Rock Da House,M-Project fw. GUHROOVY,175,,5,9,11,18,18,Subscription,,2019-12-09
SHOOTING WALTZ,SABER WING,TAG,37-444,,5,9,11,18,18,Subscription,,2019-12-09
HAPPY HARDCORE,Sakura Reflection,Ryu☆,181,,3,9,11,18,18,Subscription,,2019-12-09
HAPPY HARDCORE,sakura storm,Ryu☆,184,,5,8,12,18,18,Subscription,,2019-12-09
BUCHIAGE TRANCE,SPECIAL SUMMER CAMPAIGN!,Lucky Vacuum,168,,4,8,12,18,18,Subscription,,2019-12-09
R&B,Stay my side,DJ Yoshitaka feat.RINA,100,,4,6,8,18,18,Subscription,,2019-12-09
HARD DANCE,STELLAR WIND,L.E.D.,162,2,4,9,11,18,18,Subscription,,2019-12-09
GOA TRANCE,THE BLACK KNIGHT,L.E.D.,154,,5,10,11,18,18,Subscription,,2019-12-09
TRANCE,THE DOOR INTO RAINBOW,L.E.D.,155,,4,8,10,18,18,Subscription,,2019-12-09
GOTH NU-STYLE GABBA,THE FALLEN,L.E.D.-G,167,,5,8,11,18,18,Subscription,,2019-12-09
VACATION DANCE,Tropical April,Risk Junk,182,,8,10,11,18,18,Subscription,,2019-12-09
PSYCHE FUSION,Vermillion,Mystic Moon,152,,5,7,10,18,18,Subscription,,2019-12-09
TECH-BREAKBEATS,Watch Out Pt.2,DJ Mass MAD Izm* VS. DJ Yoshitaka,148,,6,9,12,18,18,Subscription,,2019-12-09
CANDY RAVE,Wuv U,kors k,173,,3,8,10,18,18,Subscription,,2019-12-09
IDM,ZETA～素数の世界と超越者～,Zektbach,90-180,2,4,9,11,18,18,Subscription,,2019-12-09
NATSU MATSURI,かげぬい ～ Ver.BENIBOTAN ～,CULTVOICE by S.S.D.PRODUCTS,186,3,5,7,9,18,18,Subscription,,2019-12-09
撫子メタル,黒髪乱れし修羅となりて,村正クオリア,150,,4,9,12,18,18,Subscription,,2019-12-09
ELECLORE,旅人リラン,XOGO BRYKK,155,,6,9,11,18,18,Subscription,,2019-12-09
HAPPY HARDCORE,中華急行,Ryu☆,171,,2,8,10,18,18,Subscription,,2019-12-09
AURAL ADRENALINE,夕焼け ～Fading Day～,JAKAZiD,174,,5,9,11,18,18,Subscription,,2019-12-09
EURO RAVE,24th Century BOY,Tatsh,168,,5,9,11,19,19,Subscription,,2019-12-09
HARDCORE,532nm,Ryu☆,177,,3,7,11,19,19,Subscription,,2019-12-09
TECHNO,Almace,Qrispy Joybox,172,,4,8,10,19,19,Subscription,,2019-12-09
DANCE POP,ANAGRAMS I to Y,Mayumi Morinaga,165,,4,7,9,19,19,Subscription,,2019-12-09
TECH-BREAKBEATS,BLACK.by X-Cross Fade,DJ Mass MAD Izm*,163,,6,10,12,19,19,Subscription,,2019-12-09
WORLD/ELECTRONICA,CALL,猫叉Master,158,,2,5,8,19,19,Subscription,,2019-12-09
DANCE SPEED,Castle on the Moon,青龍,191,1,4,9,11,19,19,Subscription,,2019-12-09
SPEED POP,Change the World,Tatsh feat.小田ユウ,286,,5,7,9,19,19,Subscription,,2019-12-09
TRANSCENDENTAL ETUDES,DIAVOLO,度胸兄弟,160,,6,9,12,19,19,Subscription,,2019-12-09
AKIBA RAVE,Drive Me Crazy,kors k feat. 古川未鈴,180,,4,7,10,19,19,Subscription,,2019-12-09
J-CORE,Express Emotion,REDALiCE feat. Shihori,182,,4,6,10,19,19,Subscription,,2019-12-09
DRUM'N'BASS,Far east nightbird,猫叉Master,180,1,3,7,9,19,19,Subscription,,2019-12-09
HARD Pf,ƒƒƒƒƒ,Five Hammer,138,,4,10,12,19,15CS,Subscription,,2019-12-09
CANDY HANDZ UP,Flip Flap,kors k,175,1,3,7,10,19,19,Subscription,,2019-12-09
J-DANCE POP,Follow Tomorrow,HHH×MM×ST,140,,4,8,10,19,19,Subscription,,2019-12-09
ECCENTRIC,HAERETICUS,D.J.Amuro Vs MAX MAXIMIZER,208,,5,10,12,19,19,Subscription,,2019-12-09
PROGRESSIVE ROCK,In the Blackest Den,Bulluvegola,177,,5,8,11,19,19,Subscription,,2019-12-09
DRUM'N'BASS,Infinite cave,猫叉Master+,190,,6,9,10,19,13CS,Subscription,,2019-12-09
LOUD TECH,LAX5 feat.Ryota Yoshinari,Katana Sounds,190,,6,9,10,19,19,Subscription,,2019-12-09
PLATINUM J-POP ONE,LETHEBOLG ～双神威に斬り咲けり～,TЁЯRA,165,,5,8,10,19,19,Subscription,,2019-12-09
ELECTRO,Liquid Crystal Girl feat.echo,kmp,134,,2,6,9,19,19,Subscription,,2019-12-09
DREAM TRANCE,Lucky Days,Sota Fujimori feat. Kanako Hoshino,160,,4,8,10,19,19,Subscription,,2019-12-09
EUROBEAT,Mermaid girl-秋葉工房 MIX-,Remixed by DJ Command,150,,4,6,9,19,19,Subscription,,2019-12-09
80's ELECTRO HOUSE,Miami Sunset Drive,Dirty Androids,131,,4,6,9,19,19,Subscription,,2019-12-09
ELECTRO GOTHIC,NNRT,Levaslater,101-202,,6,10,12,19,19,Subscription,,2019-12-09
HARD NRG,Phoenix,Hommarju,176,,5,7,10,19,19,Subscription,,2019-12-09
NU PROGRESSIVE,prompt,w×s ft.*spiLa*,198,,5,8,11,19,19,Subscription,,2019-12-09
TECHNO,QUANTUM TELEPORTATION,L.E.D.,152,,7,10,11,19,13CS,Subscription,,2019-12-09
HAPPY,quaver♪,Risk Junk,182-186,1,4,9,12,19,19,Subscription,,2019-12-09
RAVE FUSION,Quick Silver,Mystic Moon,172,,5,9,11,19,19,Subscription,,2019-12-09
MYSTERIOUS ROCK,RESISTANCE,セリカ,184,,3,7,10,19,19,Subscription,,2019-12-09
TECH DANCE,Release The Music,kors k,146,,4,7,10,19,19,Subscription,,2019-12-09
HYPER ELECTRO,Round and Round,Masayoshi Minoshima feat. 綾倉盟,145,,4,6,9,19,19,Subscription,,2019-12-09
ONLY ONE FINALE,SA.YO.NA.RA. SUPER STAR,SUPER STAR 満 -MITSURU-,85-170,,4,8,10,19,19,Subscription,,2019-12-09
HARD ROCK,Scharfrichter,Ashemu,217,,5,9,11,19,19,Subscription,,2019-12-09
TECHNO,SHADE,DJ MURASAME vs. dj Killer,151,,5,9,11,19,19,Subscription,,2019-12-09
VALIANT BEAT,Several Words,CAPACITY GATE,180,,4,8,10,19,19,Subscription,,2019-12-09
TECH-BREAKBEATS,Snake Stick,DJ Yoshitaka VS. DJ Mass MAD Izm*,145,,6,10,12,19,19,Subscription,,2019-12-09
TRANCE,Star Trail,Nhato,148,,4,7,10,19,19,Subscription,,2019-12-09
DRUMSTEP,TITANS RETURN,L.E.D.,194,2,4,8,11,19,19,Subscription,,2019-12-09
CYBER PUNK,The Limbo,STN,200,,6,10,12,19,19,Subscription,,2019-12-09
HARD TRANCE,The Sampling Paradise,Mamonis,150,,5,9,12,19,19,Subscription,,2019-12-09
RAVERS DANCE SPEED,Thunderbolt,雷龍,188,,5,9,12,19,19,Subscription,,2019-12-09
HARD TRANCE,WONDER WALKER,L.E.D.,165,,5,9,12,19,19,Subscription,,2019-12-09
TERROR CORE,YAKSHA,Neulakyussra,190,,6,10,12,19,19,Subscription,,2019-12-09
TEK-TRANCE,yellow head joe,S-C-U,187,,4,8,10,19,19,Subscription,,2019-12-09
DRUM'N'BASS,Yellow Sunrise,xac,174,,4,7,10,19,19,Subscription,,2019-12-09
POP,陽炎,星野奏子,140,,3,6,9,19,19,Subscription,,2019-12-09
トレンディーフュージョン,君のハートにロックオン,Dr.Honda,260,,4,9,11,19,19,Subscription,,2019-12-09
PROGRESSIVE,子供の落書き帳,佐々木博史,280,,6,10,12,19,15CS,Subscription,,2019-12-09
NEO CLASSICAL DANCE,衰色小町メランコリア,iNO,139,,4,7,10,19,19,Subscription,,2019-12-09
ANTHEM,天空の夜明け,Cuvelia,150,,7,10,12,19,19,Subscription,,2019-12-09
HAPPY HARDCORE,ビューティフル レシート,Lucky Vacuum,196,1,3,8,10,19,19,Subscription,,2019-12-09
SYMPHONIC-TEK,ユミル,MYTHOLOGIA by MLREC.,164,,3,7,11,19,19,Subscription,,2019-12-09
HARDCORE,405nm (Ryu☆mix),Another Infinity,177,,5,9,11,20,20,Subscription,,2019-12-09
CHIPTUNE,8bit Princess,seiya-murai feat. ALT,150,,3,6,10,20,20,Subscription,,2019-12-09
ELECTRO POP,Ascalon,Qrispy Joybox,185,,5,8,10,20,20,Subscription,,2019-12-09
SPEEDCORE,Beastie Starter,GUHROOVY,190,,3,7,11,20,20,Subscription,,2019-12-09
HARD DANCE,BLUE STRAGGLER,L.E.D.,160,,4,7,10,20,20,Subscription,,2019-12-09
SPACY TRANCE,BRAVE GLOW,SOUND HOLIC feat. Nana Takahashi,160,,4,8,10,20,20,Subscription,,2019-12-09
HARD REVOLUTION,CONCEPTUAL,Sota Fujimori 2nd Season,198,,5,7,11,20,20,Subscription,,2019-12-09
HARD ELECTRIC POP,Confiserie,L.E.D. vs S-C-U,185,,5,10,12,20,20,Subscription,,2019-12-09
LOUNGE POP,connective,猫叉Master feat. *spiLa*,128,,2,6,8,20,20,Subscription,,2019-12-09
BREAK CORE,Cookie Bouquets,L.E.D. vs TOMOSUKE fw.crimm,205,,5,9,11,20,15CS,Subscription,,2019-12-09
VACATION DANCE,examination leave,dj razzle dazzle,180,,6,9,11,20,20,Subscription,,2019-12-09
HANDZ UP,Fly you to the star,Another Infinity feat. Mayumi Morinaga,141,,4,8,10,20,20,Subscription,,2019-12-09
SPEED DANCE,GAIA,猫叉L.E.D.Master+,180,,5,10,12,20,20,Subscription,,2019-12-09
DRUM'N'BASS,Hollywood Galaxy,dj TAKA,186,,5,10,12,20,20,Subscription,,2019-12-09
NU RAVE,Howling,PON,155,,4,7,9,20,20,Subscription,,2019-12-09
NEW 80'S,I know You know,Suke+Suke feat.Ribbon,136,,3,6,9,20,20,Subscription,,2019-12-09
HYPER ELECTRO,ILIAS,Masayoshi Minoshima feat.坂上なち,142,,4,7,10,20,20,Subscription,,2019-12-09
ORBITALIC CORE,Illegal Function Call,U1-ASAMi,260,,5,9,11,20,20,Subscription,,2019-12-09
HEAVENLY TRANCE,In Heaven,Sota Fujimori,149,,4,7,9,20,20,Subscription,,2019-12-09
HARD RENAISSANCE,JOMANDA,DJ YOSHITAKA,90-300,1,6,10,12,20,20,Subscription,,2019-12-09
TRANCE,Liberation,dj TAKA,150,,6,9,12,20,20,Subscription,,2019-12-09
HAPPY HARDCORE,Light and Cyber･･･,Tatsh,181,,5,9,11,20,20,Subscription,,2019-12-09
J-CORE,Little Star,REDALiCE feat.Ayumi Nomiya,183,,5,8,12,20,20,Subscription,,2019-12-09
NEO 80's EURO ELECTRO,LUV CAN SAVE U,HIDEKI NAGANUMA,140,,3,7,9,20,20,Subscription,,2019-12-09
JAZZ HOUSE,mnemoniq,youhei shimizu,111,,4,5,8,20,14CS,Subscription,,2019-12-09
TECH DANCE,Neonlights,DJ Noriken,145,,4,8,10,20,20,Subscription,,2019-12-09
NIENTE,neu,少年ラジオ,95/199,1,6,10,12,20,20,Subscription,,2019-12-09
SPEED DANCE CORE,New Decade IIDX Edition,Sota F.,200,1,5,9,11,20,20,Subscription,,2019-12-09
HARDCORE,New Lights,kors k,175,,6,9,10,20,20,Subscription,,2019-12-09
HAPPY GABBA,Plan 8,Ryu☆,212,,6,10,12,20,20,Subscription,,2019-12-09
ELECTRIC POP,planarian,S-C-U,164,,4,8,10,20,20,Subscription,,2019-12-09
DRUM'N'BASS,POINT ZERO,猫叉Master+,188,,4,7,10,20,20,Subscription,,2019-12-09
CLASSICAL PIANO,Präludium,Yuko Takahashi,152,,4,8,10,20,20,Subscription,,2019-12-09
DRUM'N'BASS,Rainbow after snow,猫叉Master feat.林ももこ,179,,4,7,10,20,20,Subscription,,2019-12-09
EMOTIONAL SENTENCE,Re:GENERATION,TAG feat.ERi,176,1,5,8,10,20,20,Subscription,,2019-12-09
LOUNGECORE,rumrum triplets,yu_tokiwa.djw,192,,5,10,11,20,20,Subscription,,2019-12-09
DRUMSTEP,S!ck,Eagle,177,,5,8,11,20,20,Subscription,,2019-12-09
PROGRESSIVE TRIBAL,Saturn,Mr.Saturn,155,,7,10,11,20,15CS,Subscription,,2019-12-09
ELECTRO POP,Shining World,DJ Genki feat. Yukacco,150,,6,8,9,20,20,Subscription,,2019-12-09
HI-SPEED FANTASY TUNE,SHION,DJ YOSHITAKA,179,,4,7,10,20,20,Subscription,,2019-12-09
FREEFORM HARDCORE,Sol Cosine Job 2,DJ TECHNORCH,190-200,,6,9,12,20,20,Subscription,,2019-12-09
GRAVIOL,STULTI,MAX MAXIMIZER VS DJ TOTTO,90-182,,5,10,12,20,20,Subscription,,2019-12-09
LATIN EURO,SYNC-ANTHEM,Tatsh feat. 星野奏子,160-166,,5,10,12,20,20,Subscription,,2019-12-09
ORBITALIC REVOLUTION,Synergy For Angels,TAG×U1-ASAMi,160,,4,8,11,20,20,Subscription,,2019-12-09
TRANSCENDENTAL ETUDES,Thor's Hammer,ユニバーサル度胸兄弟,150,,5,10,12,20,20,Subscription,,2019-12-09
TRANCE,Time to Empress,dj TAKA feat.wac & secret K,148,,4,9,10,20,16CS,Subscription,,2019-12-09
PROGRESSIVE ROCK,Timepiece phase II,佐々木博史,287,,5,10,12,20,20,Subscription,,2019-12-09
PROGRESSIVE ROCK,Timepiece phase II (CN Ver.),佐々木博史,287,,6,10,12,20,20,Subscription,,2019-12-09
STARPOP,To my star,星野奏子,153,,3,6,9,20,20,Subscription,,2019-12-09
ESSENTIALLY,True Blue,dj TAKA feat. AiMEE,164,,5,10,12,20,20,Subscription,,2019-12-09
ART CORE,Valanga,DJ TOTTO,186,,7,10,12,20,20,Subscription,,2019-12-09
TRANCE CORE,VALLIS-NERIA,DJ YOSHITAKA,185,1,6,10,11,20,20,Subscription,,2019-12-09
UNIVERSAL J-CORE,VEGA,REDALiCE,191,,5,9,11,20,20,Subscription,,2019-12-09
DUB STEP,ZED,USAO,190,,5,8,11,20,20,Subscription,,2019-12-09
SPACE REQUIEM,Zirkfied,iconoclasm,210,,5,10,12,20,20,Subscription,,2019-12-09
ZODIAC ORACLE 7,アストライアの双皿,ZODIACSYNDICATE,173,,4,9,12,20,20,Subscription,,2019-12-09
想歌 梅,梅雪夜,Qrispy Joybox feat. mao,167,,5,7,10,20,20,Subscription,,2019-12-09
RICE METAL,お米の美味しい炊き方、そしてお米を食べることによるその効果。,大日本鉄倶楽部 【あさき&96】,190,,5,8,10,20,20,Subscription,,2019-12-09
SILENT,音楽,弁士カンタビレオ,210-360,,5,10,12,20,20,Subscription,,2019-12-09
NEO CLASSICAL DANCE,下弦の月,iNO,166,,5,7,9,20,20,Subscription,,2019-12-09
電波,カジノファイヤーことみちゃん,ARM feat. 山本椛 + Brasscapsule,230,,4,8,11,20,20,Subscription,,2019-12-09
TECHNO,仮想空間の旅人たち,DJ MURASAME,151,,5,9,11,20,20,Subscription,,2019-12-09
Hi-ν BLEEP,キャトられ♥恋はモ～モク,ギュ～っとしたい♥Prim,196,,6,10,12,20,20,Subscription,,2019-12-09
Hi-GOTH,狂イ咲ケ焔ノ華,覚醒ノPrim,206,,6,10,12,20,20,Subscription,,2019-12-09
TOY CONTEMPORARY,シュレーディンガーの猫,Cait Sith,187,,6,10,12,20,20,Subscription,,2019-12-09
CREATOR,創世ノート,PON+wac,200,,4,9,11,20,20,Subscription,,2019-12-09
PROGRESSIVE,たまゆら,佐々木博史,180,,7,10,12,20,16CS,Subscription,,2019-12-09
歌謡 DRUM & BASS,トリカゴノ鳳凰,L.E.D. Vs. 幽閉サテライト,185,,6,9,12,20,20,Subscription,,2019-12-09
CYBER SYMPHONIC POP,メイメツ、フラグメンツ,中山真斗(Elements Garden) feat.桜川めぐ,157,,4,8,10,20,20,Subscription,,2019-12-09
EPIC TECHNO,龍と少女とデコヒーレンス,黒猫ダンジョン,165,,5,8,11,20,20,Subscription,,2019-12-09
ROMANTIC SCHOOL VARIATIONS,ΕΛΠΙΣ,dj TAKA,175,,6,10,12,20,20,Subscription,,2019-12-09
BLOOD METAL,IX,dj TAKA VS DJ TOTTO feat.藍,198,,6,11,12,21,21,Subscription,,2019-12-09
HYPER GOTHIC BEAT,ALBA -黎明-,SOUND HOLIC feat. Nana Takahashi,165,,5,8,11,21,21,Subscription,,2019-12-09
DYNASTIC FREEFORM,Ancient Scapes,Durandal,178,,6,10,12,21,21,Subscription,,2019-12-09
TRANCECORE MEETS GABBA,BRAINSTORM,Hardcore United Tokyo(teranoid & DJ TECHNORCH),180,,4,10,11,21,15CS,Subscription,,2019-12-09
ELECTRANCE,BRAVE OUT,nomico / DOWNFORCE,150,,5,8,10,21,21,Subscription,,2019-12-09
ILUZIO,Claiomh Solais,DJ YOSHITAKA VS S.S.D.,165,,2,6,9,21,15CS,Subscription,,2019-12-09
PHARAO BEAM STEP,Cleopatrysm,ピラミッ℃,190,,4,8,11,21,21,Subscription,,2019-12-09
J-CORE,Close the World feat.a☆ru,天叢雲剣,188,,5,10,12,21,21,Subscription,,2019-12-09
DANCE SPEED,Critical Crystal,青龍,191,1,6,8,11,21,21,Subscription,,2019-12-09
DARK ELEMENT,DARK LEGACY,BaSTeT,196,,6,9,12,21,21,Subscription,,2019-12-09
GLITCH HOP,diagram,Expander,112,,3,7,11,21,21,Subscription,,2019-12-09
UK HARDCORE,Elektrick U-Phoria,DJ Noriken,180,,6,9,11,21,21,Subscription,,2019-12-09
HAPPY SAD CORE,Engraved Mark,Ryu☆ ∞ Des-ROW,188,,4,8,11,21,21,Subscription,,2019-12-09
TECHNO,EXTREME MACH COLLIDER,L.E.D.,148,,5,8,11,21,21,Subscription,,2019-12-09
JAG GLITCH,Funny shuffle,猫叉Master+,115,,3,6,11,21,21,Subscription,,2019-12-09
BIG BEAT,HYENA,Hommarju,178,,6,9,11,21,21,Subscription,,2019-12-09
DRUM&BASS,Hypersonik,Eagle,175,,5,8,10,21,21,Subscription,,2019-12-09
ONLY ONE MOMENT,I will be back -オレは帰ってきた-,SUPER STAR 満-MITSURU-,172,,6,9,11,21,21,Subscription,,2019-12-09
Hi-TECH FULL ON,Insane Techniques,kors k,146,,4,7,11,21,21,Subscription,,2019-12-09
TRIBE CORE,invoker,Caladborg,195,,5,9,12,21,21,Subscription,,2019-12-09
FUNKOT,INSOMNIA,ジャカルタファンクブラザーズ,195,,4,8,12,21,21,Subscription,,2019-12-09
SYMPHONIC BREAKS,into the battlefield,the wandering bard,180,,4,8,10,21,21,Subscription,,2019-12-09
HEAVY METAL,KAISER PHOENIX,96,170,,7,10,12,21,21,Subscription,,2019-12-09
HARD STACC,Last Dance,dj TAKA,150,,6,10,12,21,21,Subscription,,2019-12-09
TRANCE POP,Lighting Shower,TAG,162,,4,7,11,21,21,Subscription,,2019-12-09
TOKYO STYLE SPEEDCORE,m1dy Deluxe,m1dy,205,,6,9,11,21,21,Subscription,,2019-12-09
PIECED DOWNBEAT,M.D.Injection,Project B-,202,,3,6,10,21,21,Subscription,,2019-12-09
UPBEAT,MAD ATTACK,HALFBY,140,,3,6,9,21,21,Subscription,,2019-12-09
HAPPY CORE,MAGIC & LOVE,DJ Genki feat. Yukacco,185,,5,9,11,21,21,Subscription,,2019-12-09
ELECTRO POP,NPC World,PON,165,,5,8,10,21,21,Subscription,,2019-12-09
GABBER,Odin,Noizenecio,160-180,,4,7,10,21,21,Subscription,,2019-12-09
HARDCORE RAVE,Overload Frontier,DJ Shimamura,175,,5,8,11,21,21,Subscription,,2019-12-09
ANCIENT CIVILIZATION,Pharaoh,劇団レコード,180,,3,8,11,21,21,Subscription,,2019-12-09
VARIANT RAVE,PUNISHER,TAG×PON,180,,5,9,12,21,21,Subscription,,2019-12-09
RAVERS DANCE SPEED,ra'am,雷龍,111-222,,7,10,12,21,21,Subscription,,2019-12-09
BRIGHTNESS,rainbow guitar weeps,dj TAKA,156,,5,9,11,21,21,Subscription,,2019-12-09
POPS,Recollection,Noria,182,,5,7,9,21,12CS,Subscription,,2019-12-09
PSYCHEDELIC TRANCE,refractive index,Sota Fujimori,154,,3,7,11,21,21,Subscription,,2019-12-09
DRUMSTEP,RISE,Dirty Androids,182,,5,8,10,21,21,Subscription,,2019-12-09
HAPPY HARDCORE,RIZING YOU UP,Ryu☆,177,,6,9,10,21,16CS,Subscription,,2019-12-09
FULL ON,SCHWARZSCHILD FIELD,L.E.D.,150,,6,9,11,21,21,Subscription,,2019-12-09
NU STYLE GABBA,THE DETONATOR,teranoid vs. L.E.D.-G,173,,7,10,11,21,14CS,Subscription,,2019-12-09
BREAKBEATS TRANCE,Unicorn tail,DJ YOSHITAKA,170,,5,9,11,21,16CS,Subscription,,2019-12-09
MAINSTREAM HARDCORE,Valgus,DJ Myosuke feat.Yukacco,175,,4,7,11,21,21,Subscription,,2019-12-09
ROTTERDAM TECHNO,VOX UP,sampling masters MEGA vs. 青龍,202,,8,11,12,21,15CS,Subscription,,2019-12-09
ASTRAL HARDCORE,ÆTHER,TAG underground,192,,5,8,11,21,21,Subscription,,2019-12-09
CYBER SYMPHONIC POP,お願いアインシュタイン,中山真斗(Elements Garden) feat.桜川めぐ,143,,5,8,10,21,21,Subscription,,2019-12-09
ORIENTAL CORE,疾風迅雷,KUMOKIRI,180,,6,10,12,21,21,Subscription,,2019-12-09
JUVENILE DRUM & BASS,旋律のドグマ～Misérables～,楓璃夢=ジークフリード=ファイエルローゼン,192,,6,10,12,21,21,Subscription,,2019-12-09
HYPER J-POP,罪と罰,Xceon feat. Mayumi Morinaga,144,,5,7,10,21,21,Subscription,,2019-12-09
乙女EDM,超!!遠距離らぶ♡メ～ル,ななひら,130,,3,7,10,21,21,Subscription,,2019-12-09
ELECTRIC MANOUSH SWING,デッドボヲルdeホームラン,猫叉Masterβ2,145,,3,9,11,21,21,Subscription,,2019-12-09
ZODIAC ORACLE X,牧神笛吹きて,楽士ゾディアック,157,,4,8,11,21,21,Subscription,,2019-12-09
HARD SYMPHONIC,煉獄のエルフェリア,猫叉Master+,183,,7,10,12,21,21,Subscription,,2019-12-09
HYDRO CORE,海神,兎々,159,,7,10,12,21,21,Subscription,,2019-12-09
新世紀進歩的羽扇子音楽,廿,DJ TECHNORCH,120-160,,5,8,10,21,21,Subscription,,2019-12-09
AFRO-SAMBA,AFRO KNUCKLE,猫叉Master+,145,,5,8,11,22,22,Subscription,,2019-12-09
NEO CLASSICAL DANCE,Beat Radiance,iNO,192,,5,8,10,22,22,Subscription,,2019-12-09
WORLD/ELECTRONICA,Beyond The Earth,猫叉Master,140,,5,10,11,22,9CS,Subscription,,2019-12-09
HARDCORE RAVE,Blaze it UP!,DJ Shimamura,175,,5,8,11,22,22,Subscription,,2019-12-09
NU STYLE GABBA,BLUE MIRAGE,DJ CHUCKY,170,,5,10,12,22,12CS,Subscription,,2019-12-09
DUAL ANTIQUE,Broken Sword,金獅子 VS 麒麟,160,,7,10,12,22,22,Subscription,,2019-12-09
FULL ON,Chain of pain,kors k VS 猫叉Master+,153,,4,8,10,22,14CS,Subscription,,2019-12-09
CYBER DRUM & BASS,CHRONO DIVER -NORNIR-,L.E.D.,185,,5,9,11,22,22,Subscription,,2019-12-09
CHRONO BREAKS,Chrono Diver -PENDULUMs-,猫叉L.E.D.Master+,196,3,7,11,12,22,22,Subscription,,2019-12-09
PROGRESSIVE,Chronos,TAG,128,,5,8,11,22,22,Subscription,,2019-12-09
MAELSTROM,cinder,PHQUASE,216,,5,9,12,22,22,Subscription,,2019-12-09
LOST GROUND,COLOSSEUM,劇団レコード,140,,4,7,11,22,22,Subscription,,2019-12-09
FUTURE BASS,Cosmic Cat,8bit Moonside,160,,6,9,11,22,22,Subscription,,2019-12-09
HARD IRISH SYMPHONIC,Despair of ELFERIA,猫叉Master,205,,7,10,12,22,22,Subscription,,2019-12-09
Hi-TECH PSYTRANCE,Discloze,lapix,128-145,,6,9,11,22,22,Subscription,,2019-12-09
RAGTIME CHIPTUNE,EBONY & IVORY,OSTER project,143,,6,9,12,22,22,Subscription,,2019-12-09
SACRED TRANCE,entelecheia,Rche,185,,6,10,12,22,22,Subscription,,2019-12-09
FALLIN APART CORE,Erosion Mark,kors k REASM Des-ROW,192,,4,8,11,22,22,Subscription,,2019-12-09
WORLD/ELECTRONICA,fallen leaves -IIDX edition-,猫叉Master,165,,6,10,12,22,22,Subscription,,2019-12-09
DUB COMEDY,FANTASTIC THREE,ジャカルタファンクブラザーズ,185,,7,10,12,22,22,Subscription,,2019-12-09
DRUM'N'BASS,Flashes,Dollscythe,180,,6,9,12,22,22,Subscription,,2019-12-09
PROGRESSIVE SCHRANZ,Gravigazer,DJ TOTTO,160,,5,10,12,22,22,Subscription,,2019-12-09
GABBAH,HELL SCAPER -Last Escape Remix-,Remixed by DJ TECHNORCH fw. GUHROOVY,180,,5,8,11,22,15CS,Subscription,,2019-12-09
HAPPY HARDCORE,Hello Happiness,P*Light feat. mow*2,182,,5,9,11,22,22,Subscription,,2019-12-09
SYNTHETIC EDM,illuminate,Sota Fujimori,146,,3,8,10,22,22,Subscription,,2019-12-09
GOA TRANCE,IMPLANTATION,TOMOSUKE,145,,5,10,12,22,15CS,Subscription,,2019-12-09
HYBRID,In The Breeze,96 & Sota ft. Mayumi Morinaga,123-142,,4,7,9,22,22,Subscription,,2019-12-09
HOLIC,Invitation from Mr.C,C-Show,230,,6,9,12,22,22,Subscription,,2019-12-09
PSYCHEDELIC TRANCE,IXION,L.E.D.,150,,5,8,9,22,10CS,Subscription,,2019-12-09
ELECTRO TECH,Line 4 Ruin,Ryu☆,141,,4,9,11,22,22,Subscription,,2019-12-09
TOKYO STYLE SPEEDCORE,m1dy Festival,m1dy,225,,5,8,11,22,22,Subscription,,2019-12-09
ARTCORE ROCK,Monopole.,cosMo@暴走P,201,,4,8,12,22,22,Subscription,,2019-12-09
MAINSTREAM HARDCORE,NEO GENERATOR SEVEN,L.E.D.-G,182,,5,9,12,22,22,Subscription,,2019-12-09
PUMPCORE,Night sky,USAO,192,,6,9,11,22,22,Subscription,,2019-12-09
HARD EDM,No Tears,RoughSketch feat.Aikapin,170,,6,9,11,22,22,Subscription,,2019-12-09
HARDSTYLE,On My Wings (Hardstyle IIDX),kors k,150,,5,7,10,22,22,Subscription,Yes,2019-12-09
SYSTEM BGM,PENDUAL TALISMAN,猫叉L.E.D.Master,150-160,,5,8,11,22,22,Subscription,,2019-12-09
EDM SPEED,Rave*it!! Rave*it!!,機龍,282,,6,9,12,22,22,Subscription,,2019-12-09
SOLITUDE,Realize Maze,movies (moimoi×Xceon×Dai.),149,,6,9,11,22,22,Subscription,,2019-12-09
TRANCESTEP,Reflux,Eagle,150,,6,9,12,22,22,Subscription,,2019-12-09
CHIPCORE,Sakura Mirage,Ryu☆,187,,6,8,11,22,22,Subscription,,2019-12-09
DIMENSION WAVE,SAMSARA,SOUND HOLIC feat. Nana Takahashi,164,,4,7,10,22,22,Subscription,,2019-12-09
EDM,Say YEEEAHH,kors k,135,,6,9,12,22,22,Subscription,,2019-12-09
WORLD/ELECTRONICA,Scars of FAUNA,猫叉Master,165,,5,8,11,22,22,Subscription,,2019-12-09
MUSIC GAME TRADITIONAL,Shooting Fireball,dj TAKA,160,,6,10,12,22,22,Subscription,,2019-12-09
UK HARDCORE,Sounds Of Summer,Hommarju,175,,6,10,12,22,22,Subscription,,2019-12-09
RAGTIME FUTURE POP,SpaceLand☆TOYBOX,OSTER project,172,,6,9,12,22,22,Subscription,,2019-12-09
ELECTRO POP,Sweet Radar,DJ Genki feat. Yukacco,150,,4,7,10,22,22,Subscription,,2019-12-09
EPIC ELECTRONICA,Symmetry,猫叉Master,163,,6,10,12,22,22,Subscription,,2019-12-09
PROGRESSIVE,The Least 100sec,Sasaki Hirofumi,200-264,,5,9,12,22,14CS,Subscription,,2019-12-09
DEEP SPECTRUM,TIEFSEE,SOUND HOLIC Vs. dj TAKA feat. YURiCa,165,,6,9,12,22,22,Subscription,,2019-12-09
MELODIC SPEED METAL,TOXIC VIBRATION,SOUND HOLIC Vs. T.Kakuta feat. YURiCa,197,,7,10,12,22,22,Subscription,,2019-12-09
GYPSYCORE,Vulkan,Hommarju,205,,5,9,11,22,22,Subscription,,2019-12-09
HAPPY HARDCORE,We're so Happy (P*Light Remix) IIDX ver.,Remixed by P*Light,185,,6,10,12,22,22,Subscription,,2019-12-09
INTELLIGENCE,ZZ,D.J.Amuro,154,1,6,10,12,22,22,Subscription,,2019-12-09
HYPER J-POP,十六夜セツナ,Xceon feat.Mayumi Morinaga,160,,5,7,10,22,22,Subscription,,2019-12-09
ASURA TEK CORE,鬼天,兎々,161,,6,9,11,22,22,Subscription,,2019-12-09
ASTRAL DRUM & BASS,共鳴遊戯の華,アイテール魔導士隊,190,,7,10,12,22,22,Subscription,,2019-12-09
KANA-POP,恋は白帯、サンシロー,星野奏子,175,,3,6,9,22,22,Subscription,,2019-12-09
想歌 風,白露の風,Qrispy Joybox feat. 常盤ゆう,166,,2,6,9,22,22,Subscription,,2019-12-09
ムラクモ,少年は空を辿る,Power Of Nature,140,,6,10,12,22,22,Subscription,,2019-12-09
JAPANESE TRADITIONAL,打打打打打打打打打打,ヒゲドライバー join. SELEN,156,1,5,8,11,22,22,Subscription,,2019-12-09
TIME TRIP JAZZ,時空トラベローグ,SWING HOLIC feat. A～YA,234,,6,9,11,22,22,Subscription,,2019-12-09
PIECED EUPHORIA,超青少年ノ為ノ超多幸ナ超古典的超舞曲,Project B-,150,,6,9,11,22,22,Subscription,,2019-12-09
ドタバタ☆夏休み,ドッキン☆サマーあばんちゅーる,L.E.D.-G + Qrispy Joybox + ARM feat. ななひら,180,,5,8,11,22,22,Subscription,,2019-12-09
TROPICAL,とろぴかる倶楽部,HALFBY,120,,5,8,11,22,22,Subscription,,2019-12-09
HAPPY SUMMER CORE,夏色DIARY -L.E.D.-G STYLE MIX-,猫叉王子 feat.L.E.D.-G,190,,6,10,12,22,22,Subscription,,2019-12-09
Hi-FUNK BREAKS,表裏一体！？怪盗いいんちょの悩み♥,◇◆謎の怪盗少女ぷらずま☆彡Prim◇◆,165,,6,10,12,22,22,Subscription,,2019-12-09
ぷろぐれっしぶ電波,ぷろぐれっしぶ時空少女！うらしまたろ子ちゃん！,ARM(IOSYS) feat. 山本椛,175,,5,7,11,22,22,Subscription,,2019-12-09
A-STYLE DRUMSTEP,ベィスドロップ・フリークス,かめりあ feat. ななひら,179,,4,7,10,22,22,Subscription,,2019-12-09
きらめきコア,もっと！モット！ときめき feat. 松下,シャイニング度胸兄弟,175,,6,9,11,22,22,Subscription,,2019-12-09
OLDSTYLE GAMEMUSIC,リリーゼと炎龍レーヴァテイン,黒猫ダンジョン,200,,6,10,12,22,22,Subscription,,2019-12-09
DUBCORE,#The_Relentless,DJ Noriken,170,,6,9,11,22,22,Subscription,,2019-12-09
新世紀進歩的羽扇子音楽,Ｘ↑Ｘ↓,DJ TECHNORCH,172,,5,8,11,22,22,Subscription,,2019-12-09
TECH BREAKBEATS,199024club -Re:BounceKiller-,DJ Mass MAD Izm*,143,,5,10,12,23,23,Subscription,,2019-12-09
HARD DANCE,Acid Pumper,ni-21,150,,4,9,11,23,23,Subscription,,2019-12-09
HAPPY で HARDCORE,Angelic Jelly,t+pazolite,200,,6,9,11,23,23,Subscription,,2019-12-09
DANCE EXPRESS,AO-1,電龍,195,,7,10,12,23,23,Subscription,,2019-12-09
UPLIFTING TRANCE,Arcana,Maozon,143,,6,8,10,23,23,Subscription,,2019-12-09
HARD DANCE,Battle Train -IIDX Edition-,Sota Fujimori,160,,4,10,11,23,15CS,Subscription,Yes,2019-12-09
DREAM CORE,Blue Spring Express,DJ Scratch & Bend,172,,7,10,12,23,23,Subscription,,2019-12-09
FUTURE BASS,Central Station,Recycle,158,,5,8,10,23,23,Subscription,,2019-12-09
HARD STEP,chaos eater -IIDX edition-,猫叉Master+,210,,5,9,11,23,23,Subscription,,2019-12-09
TECHNO,CODE:1 [revision1.0.1],HEXA,145,,5,9,12,23,23,Subscription,,2019-12-09
ラッキーハードコア,Daily Lunch Special,Lucky Vacuum,205,,6,9,11,23,23,Subscription,,2019-12-09
MAINSTREAM HARDCORE,Devil's Gear,DJ Myosuke,180,,6,10,12,23,23,Subscription,,2019-12-09
EDM,do the thing feat. Kanae Asaba,MK,135,,3,8,10,23,23,Subscription,,2019-12-09
DONK,Donkey Donk,Ryu☆,155,,6,9,10,23,23,Subscription,,2019-12-09
J-DANCE POP,Everlasting Last,HHH×MM×ST,140,,4,8,10,23,23,Subscription,,2019-12-09
FUTURE JERSEY,Exchange Place,Dirty Androids,142,,4,7,9,23,23,Subscription,,2019-12-09
ELECTRONIC DANCE,GENERATE feat.綾倉盟,Masayoshi Minoshima,145,,5,8,10,23,23,Subscription,,2019-12-09
TRAPSTYLE,Go Faraway,DJ Noriken feat. Yukacco,150,,5,7,10,23,23,Subscription,,2019-12-09
JOINT WORK,Godspeed,dj TAKA xxx 猫叉Master xxx L.E.D.,165,,7,10,12,23,23,Subscription,,2019-12-09
HARD ART CORE,Grand Chariot,xi,191,,7,10,12,23,23,Subscription,,2019-12-09
BEMANIZED DIGITAL ROCK,Highcharge Divolt,HuΣeR,200,,6,10,12,23,23,Subscription,,2019-12-09
HiTECH FULLON,Inner Spirit,lapix,146,,5,9,11,23,23,Subscription,,2019-12-09
WORLD/ELECTRONICA,Journey,猫叉Master,112,,3,6,9,23,23,Subscription,,2019-12-09
PRIMAVERA JAZZ WALTZ,La dolce primavera,OSTER project,220,,4,8,10,23,23,Subscription,,2019-12-09
HDM,M4K3 1T B0UNC3,kors k,150,,7,10,12,23,23,Subscription,,2019-12-09
HARDSTYLE,Musik LoverZ,RoughSketch,150,,5,7,10,23,23,Subscription,,2019-12-09
METAL POPS,NANAIRO,LIQU@。,192,,5,9,10,23,23,Subscription,,2019-12-09
SORROW STEP,Nightmare before oversleep,猫叉Master,190,,7,10,12,23,23,Subscription,,2019-12-09
ONLY ONE DANCE MUSIC,NO LIMIT -オレ達に限界は無い-,SUPER STAR 満-MITSURU- vs. 伝説のダンサー マイク,150,,4,6,10,23,23,Subscription,,2019-12-09
ELECTRO TRANCE,Nowhere,Nhato,140,,4,8,10,23,23,Subscription,,2019-12-09
END ROLL,NZM,The 4th,190,,6,9,12,23,23,Subscription,,2019-12-09
RADIO SHOWCASE,On the FM,C-Show,200,,6,8,11,23,23,Subscription,,2019-12-09
FRENCHCORE,Outbreak,USAO,195,,6,9,11,23,23,Subscription,,2019-12-09
J-TEKNO,quick master (reform version),youhei shimizu,145,,1,3,5,23,15CS,Subscription,,2019-12-09
TRANCE,refrain,dj TAKA feat.AiMEE,158,,6,10,12,23,23,Subscription,,2019-12-09
HARDCORE,Rock It,Hommarju,170,,5,8,11,23,23,Subscription,,2019-12-09
JAZZY-ELECTRO,Routing,かめりあ,144,,6,9,11,23,23,Subscription,,2019-12-09
CHAOTIC SPEEDCORE,SEITEN NO TERIYAKI,Kobaryo,273,,4,7,11,23,23,Subscription,,2019-12-09
TRANCE,Sephirot,SHIKI,154,,5,8,10,23,23,Subscription,,2019-12-09
ROCKIN' DRUM&BASS,SHELTER OF THE MIND,YURiCa/花たん,185,,6,9,11,23,23,Subscription,,2019-12-09
DANCE SPEED GOLD,STARLiGHT,星龍,199,,5,9,11,23,23,Subscription,,2019-12-09
HAPPY EMOTION,STARLIGHT DANCEHALL,P*Light,177,,6,9,11,23,23,Subscription,,2019-12-09
FANTASY,StrayedCatz,削除,303,,6,10,12,23,23,Subscription,,2019-12-09
HARDCORE,Super Duper Racers,kors k & Numb'n'dub,170,,4,8,10,23,23,Subscription,,2019-12-09
GRAVITY POP,SURVIVOR,SOUND HOLIC Vs. ZYTOKINE feat. Nana Takahashi,150,,4,7,9,23,23,Subscription,,2019-12-09
WORLD/ELECTRONICA,Tori-no-kimochi,猫叉Master+,132,,1,6,10,23,16CS,Subscription,,2019-12-09
RISK + VACUUM,Triple Counter,DJ YOSHITAKA meets dj TAKA,216,,7,10,12,23,23,Subscription,,2019-12-09
CANDY RAVE,Uh-Oh,kors k,175,,5,8,11,23,23,Subscription,,2019-12-09
RENAISSANCE,X,D.J.Amuro,180,,7,10,12,23,23,Subscription,,2019-12-09
BLOOM CORE,ZEPHYRANTHES,TAG,180,,5,9,11,23,23,Subscription,,2019-12-09
ARTCORE ROCK,朝焼けから始まるボクらの小さな旅,cosMo@暴走P,100-218,,5,9,11,23,23,Subscription,,2019-12-09
ORIENTAL TECHDANCE,紫陽花 -AZISAI-,Camellia Vs. Expander,155,2,7,10,12,23,23,Subscription,,2019-12-09
WINTER GLOW,麗 ～うらら～,SOUND HOLIC feat. Nana Takahashi,155,1,5,9,11,23,23,Subscription,,2019-12-09
にゃんコア,駅猫のワルツ,ミニョンヌ鉄道兄弟,282,,6,10,12,23,23,Subscription,,2019-12-09
HYPER J-POP,オルタネイトβ,Xceon feat. Mayumi Morinaga,162,,4,7,10,23,23,Subscription,,2019-12-09
SUMMER WORKOUT,か・し・ま・し☆PUMP UP！,miko,175,,6,9,11,23,23,Subscription,,2019-12-09
HARDSTYLE,炸裂！イェーガー電光チョップ！！ (JAEGER FINAL ATTACK),L.E.D.,159,,6,9,11,23,9CS,Subscription,,2019-12-09
新世紀進步的羽扇子音楽,真 地獄超特急 -HELL or HELL-,DJ TECHNORCH Vs. L.E.D.Light-G,165,,7,10,12,23,23,Subscription,,2019-12-09
BROKEN SAMBA BREAK,灼熱Pt.2 Long Train Running,DJ Mass MAD Izm*,165,,7,11,12,23,23,Subscription,,2019-12-09
KANA-POP,シュッパツシンコウ・シサカンコ,星野奏子,182,,5,8,10,23,23,Subscription,,2019-12-09
空想ファンタジーシリーズ,少女アリスと箱庭幻想コンチェルト,DJ TOTTO,134,,5,8,10,23,23,Subscription,,2019-12-09
ORBITALICTRO,セロトニン,U1 overground,150,,6,9,11,23,23,Subscription,,2019-12-09
FUTURE E-POP,追想快晴テーマパーク,PHQUASE,170,,6,10,11,23,23,Subscription,,2019-12-09
GLITCH JAZZ,星屑ディスタンシア,ARM feat.普透明度 + Brasscapsule,110,,4,6,10,23,23,Subscription,,2019-12-09
禅ジャズ,明鏡止水,TOMOSUKE feat. あさき,208-290,,5,9,11,23,23,Subscription,,2019-12-09
電波デステクノ,めいさいアイドル☆あいむちゃん♪,DJ SHARPNEL feat.みらい,160,,7,10,12,23,23,Subscription,,2019-12-09
EPIC D'N'B,Apocalypse,Morrigan feat. リリィ,165,,5,9,12,24,24,Subscription,,2019-12-09
WORLD,AsiaN distractive,猫叉劇団,132-157,,5,8,11,24,24,Subscription,,2019-12-09
ALTERNATIVE TECHNO POP,Be A Star,PHQUASE feat.ぁゅ,174,,4,9,11,24,24,Subscription,,2019-12-09
DJ BATTLE,Beat Juggling Mix,Hommarju,66-198,,6,9,11,24,24,Subscription,,2019-12-09
HARDCORE RAVE,Believe in you,DJ Shimamura feat. Renna,175,,5,8,10,24,24,Subscription,,2019-12-09
TRANCE,Beyond The Seven,Nhato,142,,4,7,11,24,24,Subscription,,2019-12-09
FESTIVAL SOUND,BREAK OVER,MASAYOSHI IIMORI,106-150,,5,9,11,24,24,Subscription,,2019-12-09
MOOMBAHCORE,Breakin' Chain,REDALiCE feat. MONICO,206,,4,8,10,24,24,Subscription,,2019-12-09
SUPER ULTIMATE HYPER CORE,BroGamer,USAO,207,,7,9,11,24,24,Subscription,,2019-12-09
HARD TRAP,Caterpillar,Eagle,170,,6,10,12,24,24,Subscription,,2019-12-09
ANTHEM,crew,beatnation Records,"150 (N),152 (H)155 (A)",,3,8,11,24,24,Subscription,,2019-12-09
DREAM COLLABORATION,Cyber True Color,kors k vs Sota Fujimori,150,,5,9,11,24,24,Subscription,,2019-12-09
ARCHAIC TALE EP1,DORNWALD ～Junge～,DJ TOTTO,169,,6,10,12,24,24,Subscription,,2019-12-09
HYBRID BUCHIAGE TRANCE,ECHIDNA,HuΣeR,146,,6,10,12,24,24,Subscription,,2019-12-09
FUTURE BEATS,Egret and Willow,Dirty Androids,196,,6,8,11,24,24,Subscription,,2019-12-09
EDM,elemental bender feat. Kanae Asaba,MK,135,,3,6,8,24,24,Subscription,,2019-12-09
HYPER DIGIMETAL,FUZIN RIZIN,SOUND HOLIC feat. Nana Takahashi & 709sec.,190,,5,9,12,24,24,Subscription,,2019-12-09
TRANCE CORE,Go Ahead!!,Ryu☆ Vs. Sota,200,,7,10,12,24,24,Subscription,,2019-12-09
REQUIEM PSY,GuNGNiR,Gram,222,,7,11,12,24,24,Subscription,,2019-12-09
HARDSTYLE,HADES,Massive New Krew,155,2,5,9,12,24,24,Subscription,,2019-12-09
HYPER TRAP,Honey Trap,Expander,160,,5,8,11,24,24,Subscription,,2019-12-09
NEUROFUNK,INVISIBLE STRIX,L.E.D.,184,,6,10,11,24,24,Subscription,,2019-12-09
DRUM'N'BASS,Lost wing at.0,猫叉Master+,183,,5,8,11,24,24,Subscription,,2019-12-09
PIANO CONTEMPORARY,Macuilxochitl,TOMOSUKE,148,3,7,10,11,24,24,Subscription,,2019-12-09
KAWAII FUTURE BASS,Magical,Snail's House,174,,4,6,10,24,24,Subscription,,2019-12-09
EXPERIMENTAL,Mare Nectaris,神楽,256,,7,11,12,24,24,Subscription,,2019-12-09
TECHNO,Modular Technology,Sota Fujimori,170,,6,10,11,24,24,Subscription,,2019-12-09
TURBOFUNK,Music is The Answer,C-Show,128,,4,8,10,24,24,Subscription,,2019-12-09
NOSTALGIA,nostos,Setaria Virtuoso,86-144,,5,8,11,24,24,Subscription,,2019-12-09
POP BREAKCORE,OTENAMI Hurricane,t+pazolite,215,,6,10,12,24,24,Subscription,,2019-12-09
MONDO-GROOVE BASSHOUSE,PAPAYAPA BASS,かめりあ feat. ななひら,147,,5,8,11,24,24,Subscription,,2019-12-09
HARD BREAK BEATS,Quakes,dj Hellix,190,,6,10,12,24,24,Subscription,,2019-12-09
TRANCE,RAIN,dj TAKA,159,,6,9,12,24,24,Subscription,,2019-12-09
SPEED RAVE,Rave Cannon,kors k,160,,5,9,12,24,24,Subscription,,2019-12-09
HARDSTYLE,RISING FIRE HAWK,L.E.D.-G,157,,5,8,11,24,24,Subscription,,2019-12-09
RDM,ROTTERDAM SHOGUN,ABDI from ジャカルタファンクブラザーズ,199,3,6,9,11,24,24,Subscription,,2019-12-09
TECH BREAKBEATS,SAMURAI-Scramble,DJ Mass MAD Izm*,150,,5,9,11,24,24,Subscription,,2019-12-09
PIECED MAKIBISHI,Sarutobi Champion is 拙者,Project B-,130-195,,6,9,11,24,24,Subscription,,2019-12-09
SHINOBI RAVE,SAY BAY,P*Light,165,,5,8,12,24,24,Subscription,,2019-12-09
80's SYNTH FUNK,Seaside Labyrinth,Dirty Androids,136,,4,7,9,24,24,Subscription,,2019-12-09
FUTURE BASS,Seize the Day,DJ'TEKINA//SOMETHING feat.yuyoyuppe,140,,5,8,10,24,24,Subscription,,2019-12-09
R&B,Selfish Sweet,OSTER project feat. かなたん,135,,3,5,9,24,24,Subscription,,2019-12-09
TECHNO,SEQUENCE CAT,SLEDLAKE (SLAKE & L.E.D.),145,,5,10,11,24,14CS,Subscription,,2019-12-09
DETROIT TECHNO,Shoot'Em All,Manabu Namiki,152,,3,7,11,24,13CS,Subscription,,2019-12-09
CHIPTUNE,shuriken,ヒゲドライバー,160,,4,6,10,24,24,Subscription,,2019-12-09
CANDY ROCK,SINOBUZ Fantasy,Noria,190,,6,9,10,24,24,Subscription,,2019-12-09
ANTHEM,Sky High,Cuvelia,153,3,6,10,12,24,24,Subscription,,2019-12-09
ASIAN CONTEMPORARY,Snakey Kung-fu,金獅子 vs 麒麟 feat. 獏,156,,6,10,12,24,24,Subscription,,2019-12-09
DRUM&BASS,Steel Edge,Maozon,177,,5,8,12,24,24,Subscription,,2019-12-09
HARDTEK,Super Rush,kors k,190,,6,9,12,24,24,Subscription,,2019-12-09
ELECTRO FUSION,Surf on the Light,Tomoyuki Uchida,60-160,,4,8,10,24,24,Subscription,,2019-12-09
HARDSTYLE,The Commanders,USAO,150,,5,8,10,24,24,Subscription,,2019-12-09
BIG BEAT/BREAKBEATS,(This Is Not) The Angels,Hommarju,33-130,,4,8,11,24,24,Subscription,,2019-12-09
HARD TRANCE,TOGAKUSHI,SETUP,150,,5,10,12,24,24,Subscription,,2019-12-09
UPLIFTING TRANCE,Umbral,Maozon,138,,3,7,10,24,24,Subscription,,2019-12-09
JUMP UP/HARDCORE,Venom,kors k vs L.E.D.-G,190,,6,10,12,24,24,Subscription,,2019-12-09
MAINSTREAM HARDCORE,Warrior,DJ CHUCKY feat. Jonjo,175,,5,8,10,24,24,Subscription,,2019-12-09
CYBER JAZZSTEP,XINOBIKILL,SOUND HOLIC feat. Nana Takahashi,164,,6,9,11,24,24,Subscription,,2019-12-09
夏の夕暮れと、DUBSTEP。,yamabiko (SINOBUZ Edition),かめりあ,154,,5,8,11,24,24,Subscription,Yes,2019-12-09
ALTERNATIVE ELECTRO,Yellow Sketch(RX-Ver.S.P.L.),高田雅史,176,,4,9,11,24,24,Subscription,,2019-12-09
LAST ARTS,刃図羅,猫叉Master vs HuΣeR,165,,6,10,12,24,24,Subscription,,2019-12-09
ネオスカ電波,ディッシュウォッシャー◎彡おいわちゃん,ARM×狐夢想 feat. 山本椛,210,,3,7,11,24,24,Subscription,,2019-12-09
空想ファンタジーシリーズ,童話回廊,DJ TOTTO,262,,5,9,12,24,24,Subscription,,2019-12-09
HARDCORE,焔極OVERKILL,RoughSketch Vs. L.E.D.-G,192,,6,10,12,24,24,Subscription,,2019-12-09
HIP HOP,焱影,RoughSkreamZ feat.楽天斎,136,,5,9,12,24,24,Subscription,,2019-12-09
WORLD/ELECTRONICA,イザナミノナゲキ,猫叉Master,195,,6,9,12,24,24,Subscription,,2019-12-09
POP ROCK,次葉 -turn the page-,小寺可南子,180,,4,8,10,24,24,Subscription,,2019-12-09
ORBITALIC FUTURE BASS,禍根,U1 overground,170,,5,9,11,24,24,Subscription,,2019-12-09
CROSSBREED,鴉,L.E.D.-G,190,,7,10,11,24,24,Subscription,,2019-12-09
理系ポップ,恋はどう？モロ◎波動OK☆方程式!!,あべにゅうぷろじぇくと feat.佐倉紗織 produced by ave;new,128,,5,8,10,24,24,Subscription,,2019-12-09
ORIENTAL FUSION,九尾狐夜行,天狐,145,,5,9,12,24,24,Subscription,,2019-12-09
HiTECH,〆,lapix,160,,6,9,12,24,24,Subscription,,2019-12-09
忍歌,忍恋花,黒脛,189,,5,9,11,24,24,Subscription,,2019-12-09
MICHINOKU,津軽雪,罠師 VS 安室,160,,7,10,12,24,24,Subscription,,2019-12-09
FOREST SNOW,月雪に舞う花のように,猫叉Master,70-125,,5,7,10,24,24,Subscription,,2019-12-09
NEON/TWERKCORE,#MAGiCVLGiRL_TRVP_B3VTZ,DJ Noriken,100,,6,9,12,24,24,Subscription,,2019-12-09
TRIBAL HOUSE,¡Viva!,Ryu*,135,,5,8,10,24,24,Subscription,,2019-12-09
JAZZ ROCK,1001 -ESCAPE-,SOUND HOLIC feat. Nana Takahashi,147,,5,8,10,25,25,Subscription,,2019-12-09
HYPER SPEED RAVE,255,255,255,,6,9,12,25,25,Subscription,,2019-12-09
RENAISSANCE,AA -rebuild-,D.J.Amuro,174,,7,10,12,25,25,Subscription,,2019-12-09
DUBSTEP,Abraxas,SYUNN,165,,5,9,11,25,25,Subscription,,2019-12-09
SYNTH-TECH,ACCELERATE,Sota Fujimori,153,,6,8,10,25,25,Subscription,,2019-12-09
HARD DANCE,Acidiva 303,ni-21,150,,4,7,10,25,25,Subscription,,2019-12-09
熱帯 THE BASS,Amor De Verão,かめりあ feat. ななひら,138,,4,8,11,25,25,Subscription,,2019-12-09
PSY TECH DANCE,ANAGMA,C-Show,150,,5,8,10,25,25,Subscription,,2019-12-09
STYLISH CROSSOVER,ANCHOR,"BEMANI Sound Team ""HuΣeR Vs. SYUNN""",180,,7,10,12,25,25,Subscription,,2019-12-09
HARDCORE DANCE SPEED,Antigravity,t+pazolite,222,,6,10,12,25,25,Subscription,,2019-12-09
GENESIS,Arca,"BEMANI Sound Team ""Akhuta Works""",185,,5,9,12,25,25,Subscription,,2019-12-09
CYBERCORE,Around the Future,Maozon vs. C-Show,162,,6,9,11,25,25,Subscription,,2019-12-09
WAGON WHEEL TRANCE,Back Spin Sweeper,DJ TOTTO,155,,6,9,11,25,25,Subscription,,2019-12-09
SCHRANZ,Battleground,kors k,165,,6,9,11,25,25,Subscription,,2019-12-09
DIGITAL THRASH PUNK,Be a Hero!,中島由貴,190,,4,9,11,25,25,Subscription,,2019-12-09
SPEED EURO,Beast mode,"BEMANI Sound Team ""TAG""",195,,6,9,11,25,25,Subscription,,2019-12-09
CYBER LIQUID FUNK,Best of Me,Maozon,177,,4,8,10,25,25,Subscription,,2019-12-09
NEO JUNGLE,Boomy and The Boost,Eagle,174,,6,9,12,25,25,Subscription,,2019-12-09
DRUMSTEP/HARDCORE,Break Stasis,Hommarju & Akira Complex,184,,6,9,10,25,25,Subscription,,2019-12-09
CYBERNETICS PIANO HOUSE,ChaserXX,HuΣeR,140,,6,9,11,25,25,Subscription,,2019-12-09
FUTURE BASS,Chemical Cookie,YUC'e,180,,5,8,10,25,25,Subscription,,2019-12-09
DRUM&BASS,City Never Sleeps (IIDX Edition),Dirty Androids,178,,7,9,11,25,25,Subscription,,2019-12-09
COSMIC POP,COSMIC☆WONDER☆REVOLUTION,猫叉Master+,152,,4,7,9,25,25,Subscription,,2019-12-09
HARDCORE,DEADHEAT,DJ Myosuke,200,,6,10,12,25,25,Subscription,,2019-12-09
世紀末コア,DEATH†ZIGOQ ～怒りの高速爆走野郎～,"L.E.D.ALiCE(DJ NAGAI Vs. BEMANI Sound Team ""L.E.D.-G"")",200,,7,10,12,25,25,Subscription,,2019-12-09
VELLUM,Eine Haube ～聖地の果てにあるもの～,AIKO OI,170,,5,8,11,25,25,Subscription,,2019-12-09
IRREGULAR DJENT STEP,EMERALDAS,"BEMANI Sound Team ""HuΣeR vs dj Hellix""",88-176,,7,11,12,25,25,Subscription,,2019-12-09
DRUM'N'BASS,encounter,猫叉Master+,190,,5,9,12,25,25,Subscription,,2019-12-09
HARD BASS HOUSE,Exhaust Hype,DJ Noriken,147,,5,9,11,25,25,Subscription,,2019-12-09
MIDDLE EASTERN TWERK,Expanded !!,"BEMANI Sound Team ""Expander""",200,,4,8,10,25,25,Subscription,,2019-12-09
SPEED STAR,FIRE BALL,"BEMANI Sound Team ""RACER-X""",188,,5,9,11,25,25,Subscription,,2019-12-09
HYPER DUBSTEP,FREEDOM,USAO,150,,5,8,11,25,25,Subscription,,2019-12-09
TECH HOUSE,From Time To Time,sanodg,140,,4,9,10,25,16CS,Subscription,,2019-12-09
HOLIC,FUTURE is Dead,C-Show,"110 (N/H),110-220 (A)",,5,8,11,25,25,Subscription,,2019-12-09
TROPICAL HOUSE,Get Up! feat. Kanae Asaba,MK,130,,3,7,9,25,25,Subscription,,2019-12-09
HANDZ STYLE,HAT TRICK,P*Light,150,,5,8,10,25,25,Subscription,,2019-12-09
FREESTYLE,Hella Deep,MASAYOSHI IIMORI,132-150,,4,7,10,25,25,Subscription,,2019-12-09
GABBA,HYPE THE CORE,DJ CHUCKY,190,,6,10,11,25,10CS,Subscription,,2019-12-09
EURO TRANCE,I Love You,O/iviA,170,,5,9,11,25,25,Subscription,,2019-12-09
EMOTIONAL RAVE EUPHORIA,Illusionary Waterlily,DJ Noriken,180,,6,10,12,25,25,Subscription,,2019-12-09
00's TECHNO,Initiation,"BEMANI Sound Team ""謎の勢力""",160,,7,10,12,25,25,Subscription,,2019-12-09
FUTURE HOUSE,Let's Bounce !!,"BEMANI Sound Team ""Sota F.""",138,,4,7,10,25,25,Subscription,,2019-12-09
UPTEMPO HARDCORE,"Life Is A Game ft.DD""ナカタ""Metal",RoughSketch,195,,6,10,12,25,25,Subscription,,2019-12-09
POPCORE,LUV DRIVE,RoughSketch feat.Aikapin,188,,5,7,10,25,25,Subscription,,2019-12-09
ADMIRABLE,MAXIVCORD,"BEMANI Sound Team ""dj TAKA""",154,,5,9,11,25,25,Subscription,,2019-12-09
NU 80's DISCO FUNK,Midnight Lady,Dirty Androids,128,,4,6,9,25,25,Subscription,,2019-12-09
ALTERNATIVE FUGUE,Mira,Akhuta,184,,5,9,11,25,25,Subscription,,2019-12-09
FUTURE TERROR,n'pa pa BBQ,YUC'e,300,,4,8,11,25,25,Subscription,,2019-12-09
MACHINEGUN PSYSTYLE,NITROUS CANNON,かめりあ,169,,7,10,12,25,25,Subscription,,2019-12-09
TECHNO,O/D*20,Ryu*,155,,6,8,10,25,25,Subscription,,2019-12-09
DRUMSTEP,Papilio ulysses,"BEMANI Sound Team ""SYUNN""",180,,7,10,12,25,25,Subscription,,2019-12-09
HARDSTYLE,Persephone,Massive New Krew,155,,6,9,12,25,25,Subscription,,2019-12-09
DRUM'N'BASS,Rise Circuit,COSIO,195,,5,9,11,25,25,Subscription,,2019-12-09
PANIC FUSION,Raspberry Railgun,OSTER project,142,,7,10,12,25,25,Subscription,,2019-12-09
DRUM'N'BASS,SHOX,RAM,175,,5,8,10,25,14CS,Subscription,,2019-12-09
THE WORLD EVOLVE,Sleepless days,猫叉Master feat.Mayumi Morinaga,188,,4,6,9,25,25,Subscription,,2019-12-09
FUTURE CORE,Slipstream,lapix,175,,5,9,12,25,25,Subscription,,2019-12-09
HARDTEK,SPEED DEMON,GUHROOVY feat. NO+CHIN,190,,5,8,10,25,25,Subscription,,2019-12-09
HEAV'NLY TRANCE,STARLIGHT JUNCTION,SOUND HOLIC feat. Nana Takahashi,160,,4,8,10,25,25,Subscription,,2019-12-09
ELECTRO TRANCE,Static State,Nhato,138,,6,9,10,25,25,Subscription,,2019-12-09
PSYSTYLE,Temple of Anubis,Massive New Krew,150,,5,8,11,25,25,Subscription,,2019-12-09
EUROBEAT,THE CANNONBALLER,L.E.D. feat. YURiCa/花たん,170,2,6,10,11,25,25,Subscription,,2019-12-09
TECH BREAKS,The Chase,DJ Mass MAD Izm*,142,,5,10,12,25,25,Subscription,,2019-12-09
OSHARave,UMMU,t+pazolite,180,2,6,10,11,25,25,Subscription,,2019-12-09
DANCE POP,Usual Days-remix,ota2,139,,5,9,11,25,9CS,Subscription,,2019-12-09
HYBRID HARDCORE,Xperanza,aran,200,3,7,10,12,25,25,Subscription,,2019-12-09
電波ソング,バ→ビ→ブ→Bomb!,ヒゲドライバー join. 新菜まこ & 松平なな,175,,5,9,11,25,25,Subscription,,2019-12-09
CLASSIC MOTIF,バスルーム ロマンス,"BEMANI Sound Team ""Saori Watanabe""",155,,5,8,10,25,25,Subscription,,2019-12-09
HARD FRENCH,エディブルフラワーの独白,OSTER project feat. 常盤ゆう,180,,4,8,10,25,25,Subscription,,2019-12-09
YANKEE CAR J TRANCE,ハイ＊ビスカス ft. Kanae Asaba,Xceon,157,,4,7,10,25,25,Subscription,,2019-12-09
STRANGE WORLD MUSIC,命の標本,志方あきこ,183,,4,8,11,25,25,Subscription,,2019-12-09
ELEGANT SWING,共犯ヘヴンズコード,D-Evoke(与那嶺雅人/小日向翔),219,,3,7,10,25,25,Subscription,,2019-12-09
歌謡ニューウェーブ,ナイトシティー・アヴァンチュール,森永真由美,170,,5,7,9,25,25,Subscription,,2019-12-09
NATURE,シムルグの目醒め,"BEMANI Sound Team ""DJ TOTTO"" feat.rionos",190,,7,10,12,25,25,Subscription,,2019-12-09
JOURNEY SCENE,草原の王女 -軌跡を辿って-,劇団レコード,142,,3,7,10,25,25,Subscription,,2019-12-09
プログレッシブ徒競走,うさ☆かめ 大戦争！,ARM×狐夢想 feat. I've:柚子乃 & RINA,210,,6,8,11,25,25,Subscription,,2019-12-09
Hi-MYTH,神謳 -RESONANCE-,SOUND HOLIC feat. Nana Takahashi Vs.GOD PHOENIX Prim,180,,7,10,12,25,25,Subscription,,2019-12-09
DRUM'N'BASS,Painful Fate,"BEMANI Sound Team ""猫叉Master""",192,,7,10,12,26,26,Subscription,,2020-02-27
ORBITALIC ORIENTAL ELECTRO,ZENDEGI DANCE,"ARM×BEMANI Sound Team ""U1 overground""",160,,6,9,11,26,26,Subscription,,2020-02-27
BIG BEAT,CODE:Ø,"BEMANI Sound Team ""HEXA""",125,,5,9,11,26,26,Subscription,,2020-06-03
8BARS,Drastic Dramatic,KING & Princess,166,,7,10,12,26,26,Subscription,,2020-06-03
MELODIC TRANCE,Lift Us High,"BEMANI Sound Team ""Sota Fujimori""",150,,5,8,10,26,26,Subscription,,2020-06-03
ELECTRO SHOCK,XENON II 〜TOMOYUKIの野望〜,Mr.T,160,,6,9,11,26,26,Subscription,,2020-06-03
音ゲー賛美歌,金野火織の金色提言,DJ TECHNORCH feat. 宇宙★海月,225,,6,10,12,26,26,Subscription,,2020-06-03
BEAT MUSIC,beatAffection,ビートまりお,190,,5,8,10,27,27,Subscription,,2019-12-09
TRANCE,Change Yourself,ARM × kradness,155,,5,9,11,27,27,Subscription,,2019-12-09
FUTURE BASS,Do What You Want,"BEMANI Sound Team ""SYUNN""",160,,4,7,10,27,27,Subscription,,2019-12-09
DUBSTEP/MMETAL/DJENT,Drop It,Dazsta,155,,6,9,11,27,27,Subscription,,2019-12-09
エレクトロニック/エレクトロニカ/ポップ,fairy cocktail,Tomggg,134,,3,6,8,27,27,Subscription,,2019-12-09
MELODIC DANCE MUSIC,Hold My Hand,"BEMANI Sound Team ""Sota Fujimori""",154,,5,8,10,27,27,Subscription,,2019-12-09
DRUM'N'BASS,Mel,Applekid,178,,4,7,9,27,27,Subscription,,2019-12-09
EPIC STORY,OUTER PLANETS,"BEMANI Sound Team ""劇団レコード""",140,,4,7,10,27,27,Subscription,,2019-12-09
TRIBAL FRONTIER,Primitive Vibes,lapix,150,,6,10,12,27,27,Subscription,,2019-12-09
ORBITALIC MOON MIXTURE,Queen Kaguya,"BEMANI Sound Team ""U1 overground""",200,,6,9,11,27,27,Subscription,,2019-12-09
UPLIFTING TRANCE,Rainstorm,Maozon feat. Chica,140,,5,8,10,27,27,Subscription,,2019-12-09
RAVE,Rave lithosphere,Sampling Masters MEGA,170,,5,8,11,27,27,Subscription,,2019-12-09
"A-STYLE NEURO+""スカ""+FUNK DRUMSTEP",Ska-sh All Neurons!!,かめりあ feat. ななひら,183,,4,7,10,27,27,Subscription,,2019-12-09
UK HARDCORE,TRIUMPH,AJURIKA,183,,6,9,12,27,27,Subscription,,2019-12-09
DANCE POP DUET,UNITE THE HEART,"BEMANI Sound Team ""T.Kakuta"" feat. 709sec. / 花たん",185,,7,10,11,27,27,Subscription,,2019-12-09
HARDCORE RAVE,Volcanic Dragon,DJ Shimamura,175,,6,8,11,27,27,Subscription,,2019-12-09
CYBER REQUIEM,深淵に捧ぐレクイエム,OSTER project,175,,5,9,12,27,27,Subscription,,2019-12-09
HIP HOP,27th style,"三代目 ""dj TAKA & DAYBREAKERS""",150,,5,9,11,27,27,Subscription,,2020-03-05
CINEMATIC VALSE,華麗なる大犬円舞曲,Wiktoria,60-147,,7,10,12,27,27,Subscription,,2020-03-05
BASS HOUSE,Crank It,Crayvxn,160,,4,7,9,27,27,Subscription,,2020-04-15
Hi-GAIN ENERGY,LIGHTNING STRIKES,"BEMANI Sound Team ""HuΣeR""",174,,5,9,12,27,27,Subscription,,2020-04-15
EUPHORIC HARDCORE,Override,Nhato,175,,5,8,11,27,27,Subscription,,2020-04-15
PSYSTYLE,PHASE SHIFT MANEUVER,"BEMANI Sound Team ""L.E.D.""",163,,6,9,11,27,27,Subscription,,2020-04-15
TRAP,Theory,YUTO,102-146,,5,8,11,27,27,Subscription,,2020-04-15
JAZZ PIANO TRANCE,Bow shock!!,Xceon,165,,4,9,11,27,27,Subscription,,2020-05-13
EUROBEAT,Like+it!,Ryu☆,165,,6,9,11,27,27,Subscription,,2020-05-13
FUTURE SKOOL BREAKBEATS HARDCORE,Rave Patroller,Eagle,175,,7,10,12,27,27,Subscription,,2020-05-13
TRIBAL DANCE,Voo Doo Bamboleo,SOUND HOLIC Vs. ZYTOKINE feat. CALEN,137,,5,8,10,27,27,Subscription,,2020-05-13
J-POP,And-RoiD,Fujishiro feat. KNA,173,,4,7,9,27,27,Subscription,,2020-06-24
FUTURE BASS,Backyard Stars,TAKU INOUE,175,,6,8,10,27,27,Subscription,,2020-06-24
EDM-DUBSTYLE,GIGA VIOLATE,Blacklolita,150,,6,8,11,27,27,Subscription,,2020-06-24
DRUM & BASS / HYBRID TRAP,LASER CRUSTER (IGNITE REMIX),"Remixed by BEMANI Sound Team ""HuΣeR""",174,,4,8,12,27,27,Subscription,,2020-06-24
MOON CORE,Cold Moon,Ryu☆,202,,6,9,11,Mobile,Mobile,Subscription,,2020-02-10
Experimental Eurobeat,Fire Beat,kors k,157-300,,6,10,12,Mobile,Mobile,Subscription,,2020-02-10
