Type,BPM,Artist,Song Title,Version,Single,Double,Single Performance,Double Performance,Co-Op,Series,Channel,Exclusivity
Normal,120,Banya,A Nightmare,1,1 4,13,,5,,1st ~ Perfect,Original,
Normal,130,Banya,All I Want For X-mas,1,3 6 11,7,,,,1st ~ Perfect,Original,
Normal,136,Novasonic,Another Truth,1,3 5 8 15,6 16 17 22,,,,1st ~ Perfect,K-Pop,
Normal,162,Banya,Beethoven Virus,1,4 7 8 13 16 17,8 18 20,,3,,1st ~ Perfect,Original,
Normal,136,Banya,Betrayer,1,1 5 8 13 16,8 13 17,2,,,1st ~ Perfect,Original,
Normal,105,Banya,Close Your Eye,1,4,,2,3,,1st ~ Perfect,Original,
Normal,158,Sechs Kies,Com'Back,1,4 6 8 15,7 16,,,,1st ~ Perfect,K-Pop,
Normal,110,Tashannie,Don't Bother Me,1,4 5 10,5 13,2,,,1st ~ Perfect,K-Pop,
Normal,195,Banya,Extravaganza,1,4 7 9 11 16 21,12 17 19,,,,1st ~ Perfect,Original,
Normal,130,Banya,Final Audition,1,2 6 7 9 15 17,15 17,,3,,1st ~ Perfect,Original,
Normal,130,Banya,Final Audition 2,1,4 7 8 10 16,8 17 19,,3,,1st ~ Perfect,Original,
Normal,104,Banya,First Love,1,4 9,14,1,4,,1st ~ Perfect,Original,
Normal,99,Banya,Free Style,1,13,,1,3,,1st ~ Perfect,Original,
Normal,105,CLON,Funky Tonight,1,2 4 5 12,4 14,,,,1st ~ Perfect,K-Pop,
Normal,180,Banya,Hypnosis,1,7 15 18,8 15 18,,,,1st ~ Perfect,Original,
Normal,146,Banya,Ignition Starts,1,8 15 18,10 17,,,,1st ~ Perfect,Original,
Normal,80,Banya,Midnight Blue,1,12,13,4,5,,1st ~ Perfect,Original,
Normal,106,Sechs Kies,Mobius Strip,1,2 4 6 12,7 14,,,,1st ~ Perfect,K-Pop,
Normal,190,Banya,Mr. Larpus,1,3 5 11 14 20 22,14 17 23,,,,1st ~ Perfect,Original,
Normal,106,Banya,N,1,5 16,16,2,5,,1st ~ Perfect,Original,
Normal,136,Banya,Naissance,1,4 7 8 10 16 20,7 15,,,,1st ~ Perfect,Original,
Normal,148,Banya,Oh! Rosa,1,7 13,7,,,,1st ~ Perfect,Original,
Normal,106,Banya,Pump Jump,1,4 15,17,2,4,,1st ~ Perfect,Original,
Normal,135,Banya,Pumping Up,1,4 12,15,,,,1st ~ Perfect,Original,
Remix,150,Banya,Repeatorment Remix,1,7 19,8,,,,1st ~ Perfect,Remix,
Normal,142,Banya,Rolling Christmas,1,3 5 8 13,5 13 17,,,2,1st ~ Perfect,Original,
Normal,230,Banya,She Likes Pizza,1,8 9 21,9 16 23,,,,1st ~ Perfect,Original,
Normal,131,Novasonic,Slam,1,3 6 9 17 18,6 20 23,,,,1st ~ Perfect,K-Pop,
Normal,136,Banya,Solitary,1,2 4 6 8 9 16 17,7 16,3,5,,1st ~ Perfect,Original,
Normal,150,Banya,Turkey March,1,3 7 12 15 18,9 17 19,,,2,1st ~ Perfect,Original,
Remix,170,Banya,Banya Classic Remix,1,7 19,11 20,,,,Exceed ~ Zero,Remix,
Remix,99,Banya,BANYA HIPHOP REMIX,1,6 7,20,,6,,Exceed ~ Zero,Remix,
Normal,190,Banya,Beat of The War 2,1,4 5 6 10 16,12 19,,,,Exceed ~ Zero,Original,
Normal,158,Banya,Blazing,1,3 6 9 15 19,19,,,,Exceed ~ Zero,Original,
Normal,160,Banya,Canon D,1,3 7 9 17 20 21,10 17 22,,,2,Exceed ~ Zero,Original,
Full,160,Banya,Canon D Fullmix,1,11 16,23 24,,,,Exceed ~ Zero,Full Song,
Normal,149,Louis,Chung Hwa Ban Jeom,1,4 6 9 14,16,1,2,,Exceed ~ Zero,K-Pop,
Normal,115,SOM2,Deja Vu,1,1 3 6 13,6 13,,,,Exceed ~ Zero,K-Pop,
Normal,130,Banya,Final Audition 3,1,2 5 6 9 14 17,17 19,3,5,,Exceed ~ Zero,Original,
Normal,180,Banya,Get Up,1,4 8 13,9 17 18,,,,Exceed ~ Zero,Original,
Normal,145,Banya,Hi Bi,1,3 5 8 15 18,8 18 20,,,,Exceed ~ Zero,Original,
Normal,164,Wax,I'll Give You All My Love,1,2 4 7 16,7 18,,,,Exceed ~ Zero,K-Pop,
Normal,140,Banya,J Bong,1,3 5 7 8 13,17,,5,,Exceed ~ Zero,Original,
Remix,169,Banya,Love is a Danger Zone 2 Try To B.P.M,1,12 20,14 23,,,,Exceed ~ Zero,Remix,
Normal,162,Banya,Love is a Danger Zone pt. 2,1,4 7 9 15 21,17 23,,,,Exceed ~ Zero,Original,
Normal,186,Banya,Monkey Fingers,1,3 5 8 15,17,5,,,Exceed ~ Zero,Original,
Normal,180,Banya,Moonlight,1,4 7 10 18 19,11 20 21,,,,Exceed ~ Zero,Original,
Normal,129,Banya,Naissance 2,1,6 13,15 19,3,5,,Exceed ~ Zero,Original,
Normal,145,Banya,Papa Gonzales,1,4 6 8 14,7 18,,,,Exceed ~ Zero,Original,
Normal,136,Banya,Phantom,1,2 7 12 17 18,12 19 20,,7,,Exceed ~ Zero,Original,
Normal,170,Banya,Pump Me Amadeus,1,3 5 9 17,10 18 19,,,,Exceed ~ Zero,Original,
Normal,136,Banya,Solitary 2,1,4 6 8 17,18 21,3,6,,Exceed ~ Zero,Original,
Remix,202,Banya,Tream Vook of the war,1,11 19,13 22,,,,Exceed ~ Zero,Remix,
Normal,195,Banya,Witch Doctor,1,4 6 10 16 19 21,19 22 23,,,,Exceed ~ Zero,Original,
Normal,162,Banya,X Treme,1,4 7 9 14 18,13 19,,,,Exceed ~ Zero,Original,
Normal,202,Banya,Beat of The War,1,3 5 9 10 15 18 21,12 19 23,,,,Extra ~ Prex 3,Original,
Normal,160,Banya,Bee,1,4 7 10 11 15 19,11 19 21 23,,,,Extra ~ Prex 3,Original,
Normal,200,Banya,CHICKEN WING,1,4 6 9 10 17 19 21,11 17 23,,,,Extra ~ Prex 3,Original,
Normal,107,Banya,Come to Me,1,4 6 11 12 15,13 14,3,6,,Extra ~ Prex 3,Original,
Normal,180,Banya,Csikos Post,1,3 7 10 13,8 16 21,,,,Extra ~ Prex 3,Original,
Normal,150,Banya,D Gang,1,4 6 9 18,7 15 17,,,,Extra ~ Prex 3,Original,
Normal,122,Banya,Dance with me,1,2 4 6 12 14,15,4,4 6,,Extra ~ Prex 3,Original,
Normal,145,Banya,Dr. M,1,3 7 9 12 16,11 16,,,,Extra ~ Prex 3,Original,
Normal,150,Banya,Emperor,1,2 5 8 11 16,17,3,3,,Extra ~ Prex 3,Original,
Normal,189,Banya,Final Audition Ep. 1,1,4 7 8 13 15 19,11 21 23,,,,Extra ~ Prex 3,Original,
Normal,96,Banya,Get Your Groove On,1,4 6 13,9 21,,,,Extra ~ Prex 3,Original,
Normal,140,Banya,Hello,1,7 16,9 16,,,,Extra ~ Prex 3,Original,
Normal,140,Banya,Love is a Danger Zone,1,3 7 10 15 19,6 15 20,,,2,Extra ~ Prex 3,Original,
Normal,136,Banya,Maria,1,6 11 15 18,15 19,,,,Extra ~ Prex 3,Original,
Normal,111,Banya,Miss S' story,1,5 18,19,3,5,,Extra ~ Prex 3,Original,
Normal,124,Banya,Mission Possible,1,5 7 13 19,8,,,,Extra ~ Prex 3,Original,
Normal,118,Banya,My Way,1,3 5 8 12,15 18,2,4 6,,Extra ~ Prex 3,Original,
Normal,148,Banya,Oy Oy Oy,1,4 6 8 13,13,2,3,,Extra ~ Prex 3,Original,
Normal,92,Banya,Point Break,1,6,14,3,6,,Extra ~ Prex 3,Original,
Normal,120,Banya,Set me up,1,2 4 6 9 13,,4,4 7,,Extra ~ Prex 3,Original,
Normal,124,Banya,Street show down,1,7 15,13,4,6,,Extra ~ Prex 3,Original,
Normal,140,Banya,Till the end of time,1,2 4 9 13 17,8 13 16,,3,,Extra ~ Prex 3,Original,
Normal,110,Banya,Top City,1,4 6 12,7,,,,Extra ~ Prex 3,Original,
Normal,184,Banya,Vook,1,4 7 9 15 17 20,12 17 18 19,,,,Extra ~ Prex 3,Original,
Normal,118,Banya,We will meet again,1,3 8 13 14,8,,,,Extra ~ Prex 3,Original,
Normal,210,Banya,Will-O'-The-Wisp,1,3 5 10 13 19,10 13 19 21,,,,Extra ~ Prex 3,Original,
Normal,168,Banya,Winter,1,4 6 8 15 19,11 17 19,,,,Extra ~ Prex 3,Original,
Normal,160,Banya Production,Arirang,1,9 18 22,10 20,,2,,Fiesta,Original,
Remix,164,Banya Production,B.P Classic Remix,1,12 18,13 19,,,,Fiesta,Remix,
Remix,180,Banya Production,B.P Classic Remix 2,1,11 18,,,,,Fiesta,Remix,
Short,210,Yahpp,Bemera,1,13 21 23,19,,,,Fiesta,Short Cut,
Normal,92,msgoon,Betrayer -act.2-,1,4 6 10,15,3,3,,Fiesta,Original,
Short,200,Banya,CHICKEN WING,1,20,,,,,Fiesta,Short Cut,
Full,210,Vassline,Dawn of The Apocalypse,1,15 21,,,,,Fiesta,Full Song,
Full,115,SOM2,Deja Vu,1,7 16,14 23,,,,Fiesta,Full Song,
Normal,150,SHK,Destination,1,4 7 11 16 18 19,13 20,,5,,Fiesta,Original,
Short,150,SHK,Destination,1,9 15,18 20,,,,Fiesta,Short Cut,
Normal,143,Nina Pilots,Dieciseis,1,2 4 6 13,5 15,,,,Fiesta,World,
Normal,96,Banya Production,Do It Reggae Style,1,13,15,4,5,,Fiesta,Original,
Short,178,Banya,Exceed2 Opening,1,15,19,,,,Fiesta,Short Cut,
Short,195,Banya,Extravaganza,1,14,14 21,15,,,Fiesta,Short Cut,
Short,130,Banya,Final Audition 2,1,16,17,,,,Fiesta,Short Cut,
Short,130,Banya,Final Audition 3,1,17,16,,,,Fiesta,Short Cut,
Short,170,Yahpp,Final Audition Ep. 2-X,1,20,19,,,,Fiesta,Short Cut,
Normal,164,Banya Production,Get Up (and go),1,4 7 10 17,11 20,,3,,Fiesta,Original,
Remix,196,Banya Production,Hard Core Rock Mix,1,18 21,,,,,Fiesta,Remix,
Normal,170,Banya Production,Hello William,1,4 6 9 17 19,9 21,,,,Fiesta,Original,
Short,156,Banya Production,K.O.A : Alice In Wonderworld,1,6 16,18,,,,Fiesta,Short Cut,
Short,140,Banya,Love is a Danger Zone,1,13 20,17,,,,Fiesta,Short Cut,
Short,162,Banya,Love is a Danger Zone pt. 2,1,8 19,21,,,,Fiesta,Short Cut,
Normal,128,Banya Production,Mission Possible -Blow Back-,1,18,17,3,5,,Fiesta,Original,
Short,180,Banya,Moonlight,1,16 18,20,,,,Fiesta,Short Cut,
Remix,102,msgoon,msgoon RMX pt.5,1,17,17,3,4,,Fiesta,Remix,
Remix,150,msgoon,msgoon RMX pt.6,1,20,19,,,,Fiesta,Remix,
Normal,185,Doin,Napalm,1,13 19 22,14 23,,,,Fiesta,Original,
Full,164,PXNDX,NARCISISTA POR EXCELENCIA,1,17,18,,,,Fiesta,Full Song,
Normal,164,PXNDX,NARCISISTA POR EXCELENCIA,1,3 5 8 16,9 18,,,,Fiesta,World,
Short,133,Yahpp,NX Opening,1,16,17,,,,Fiesta,Short Cut,
Remix,158,Banya Production,PaPa helloizing,1,8 19,,,,,Fiesta,Remix,
Normal,140,Banya Production,Phantom -Intermezzo-,1,3 7 12 15 19 21,15 19 20,,3,,Fiesta,Original,
Remix,151,Banya Production,Pro POP Mix,1,17,,,,,Fiesta,Remix,
Short,160,PXNDX,Procedimientos Para Llegar A Un Común Acuerdo,1,18,16,,,,Fiesta,Short Cut,
Normal,116,Banya Production,Pumping Jumping,1,1 3 5 13 15 17 19,6 17,4,5 6,,Fiesta,Original,
Short,162,Yahpp,Pumptris 8Bit ver.,1,8 16,22,,,,Fiesta,Short Cut,
Remix,122,Banya Production,Set Up Me2 Mix,1,17,,,,,Fiesta,Remix,
Short,136,Banya,Solitary 2,1,18,17,,,,Fiesta,Short Cut,
Normal,158,Yahpp,Sorceress Eliese,1,4 6 8 10 15 18 21 23,8 17 24,,,2,Fiesta,Original,
Normal,132,Banya Production,Tek -Club Copenhagen-,1,3 5 16 17,17,5,4,,Fiesta,Original,
Normal,145,Doin,Tepris,1,2 4 7 16,9 18,,,2,Fiesta,Original,
Normal,130,Banya Production,Turkey March -Minimal Tunes-,1,3 6 8 17,10 18,,1,,Fiesta,Original,
Normal,127,MAX,U Got 2 Know,1,2 7 8 17 18 19,18,2,4,,Fiesta,Original,
Normal,200,Doin,Vacuum,1,19 21 23,22 25,,3,,Fiesta,Original,
Short,168,Banya,Winter,1,6 9 16,10 17,,,,Fiesta,Short Cut,
Short,195,Banya,Witch Doctor,1,14 20,16,,,,Fiesta,Short Cut,
Normal,152,Banya Production,Xenesis,1,4 7 10 18,12 15 18,1,,,Fiesta,Original,
Normal,190,Yahpp,XTREE,1,3 7 12 20,14 18 22,2,3,,Fiesta,Original,
Normal,183,MAX,Accident,1,4 7 10 19,11 20,,,,Fiesta 2,Original,
Normal,135,Zicron,Baroque Virus,1,5 9 17,11 18 20,,,,Fiesta 2,World,
Normal,142,Stian K,Be Alive (Raaban Inc. Mix),1,2 5 8 15 17,10 16,,,2,Fiesta 2,World,
Normal,180,MAX,D,1,4 7 9 18,11 18 19,,,,Fiesta 2,Original,
Normal,141,Ben Chalatit,Dam,1,1 3 5 8,4 9,,,,Fiesta 2,World,
Normal,178,Nightmare,Dream To Nightmare,1,19 21 22,22 24,,,,Fiesta 2,World,
Normal,162,DM Ashura,Elise,1,4 7 10 17 19 22,13 16 23,,,2,Fiesta 2,Original,
Normal,200,Doin,FFF,1,10 17 23,12 22 24,,,3,Fiesta 2,Original,
Short,200,Doin,FFF,1,18,21,,,,Fiesta 2,Short Cut,
Normal,155,SHK,Follow Me,1,4 6 9 14 17,9 18,,,2,Fiesta 2,Original,
Normal,190,Diclonius Kid,Hardkore of the North,1,4 7 11 21,16 23,,,,Fiesta 2,World,
Normal,185,ZURi-ZiLL,Heel and Toe,1,2 7 9 17,11,,,2,Fiesta 2,World,
Normal,175,Banya & SynthWulf,Hypnosis (SynthWulf Mix),1,8 11 17 21,13 15 20,,,,Fiesta 2,Original,
Normal,220,Banya & DM Ashura,Ignus Fatuus (DM Ashura Mix),1,9 15 19 23,15 17 19 23 25,,,2,Fiesta 2,Original,
Short,220,DM Ashura,Ignus Fatuus (DM Ashura Mix),1,21,21,,,,Fiesta 2,Short Cut,
Remix,175,SynthWulf & MAX,Infinity RMX,1,20,20,,,,Fiesta 2,Remix,
Normal,133,Coconut,Ladybug,1,1 3 5 13,13,,,2,Fiesta 2,World,
Normal,140,SHK,Log In,1,4 7 10 18 21,10 20,,,,Fiesta 2,Original,
Normal,155,Banya & Cranky,Love Is A Danger Zone (Cranky Mix),1,6 12 18 20 22,8 16 20 24,,,2,Fiesta 2,Original,
Normal,190,Yak Won,Lucid (PIU Edit),1,4 7 10 16 20,11 20 23,,,2,Fiesta 2,Original,
Normal,140,SQUAR,Mental Rider,1,12 16 21,13 19 22 23,,,,Fiesta 2,Original,
Normal,196,Affinity,Monolith,1,3 5 9 16,13 18 23,,,,Fiesta 2,World,
Normal,118,Saykoji,Online,1,1 4 6 15,4 15,,,,Fiesta 2,World,
Normal,175,SynthWulf,Passacaglia,1,4 7 10 16 20,12 17 22 24,,,,Fiesta 2,World,
Short,175,SynthWulf,Passacaglia,1,17,18,,,,Fiesta 2,Short Cut,
Normal,160,J-Mi & Midi-D,Pop The Track,1,2 7 9 16 19,9 18 20,,,2,Fiesta 2,World,
Short,160,J-Mi & Midi-D,Pop The Track,1,18,16,,,,Fiesta 2,Short Cut,
Normal,125,Sanxion7,Rainspark,1,2 5 9 15,5 17,,,,Fiesta 2,World,
Normal,146,ZURi-ZiLL,RE-RAVE,1,2 6 11 16 17,12 18,,,,Fiesta 2,World,
Normal,128,Future Funk Squad,Rippin' It Up,1,2 5 9 16,4 18,,,,Fiesta 2,World,
Normal,140,Beltaine,Rockhill,1,3 6 11 16,12 18,,,,Fiesta 2,World,
Normal,147,Ayu Ting Ting,Sik Asik,1,3 5 8 13,4 14,,,,Fiesta 2,World,
Normal,155,Zicron,Star Command,1,3 5 12 15 19,14 21 23,,,,Fiesta 2,World,
Normal,122,Sugar Eyes,Sugar Eyes,1,1 3 6 8 10 13,4 9,,,,Fiesta 2,World,
Normal,112,Celldweller,Switchback,1,3 5 9 15 18,10 16 18,,,,Fiesta 2,World,
Normal,172,KaW,Take Me Back,1,3 7 9 17,10 16,,,,Fiesta 2,World,
Normal,150,Hi-G,Tribe Attacker,1,3 6 9 16,10 15,,,4,Fiesta 2,World,
Normal,128,MAX,U Got Me Rocking,1,3 6 8 17 18,4 17,,3,,Fiesta 2,Original,
Short,128,MAX,U Got Me Rocking,1,17,17,,,,Fiesta 2,Short Cut,
Normal,145,SHK,Unique,1,3 6 10 15 17,12 16 19,,,,Fiesta 2,Original,
Short,145,SHK,Unique,1,18,16,,,,Fiesta 2,Short Cut,
Normal,166,Smiley,Utopia,1,4 7 9 17,9 18,,,,Fiesta 2,World,
Normal,180,Inspector K,Virtual Emotion,1,3 7 11 17,18,,,2,Fiesta 2,World,
Normal,310,ZiGZaG,VVV,1,18 23,16 19,,,,Fiesta 2,World,
Remix,200,Doin & MAX,What Are You Doin'?,1,19,24,,,,Fiesta 2,Remix,
Normal,246,Yak Won,Windmill,1,8 13 17 21,14 18 24,,,,Fiesta 2,Original,
Normal,160,Smiley,Xuxa,1,3 5 9 14,12 18,,,2,Fiesta 2,World,
Normal,162,Affinity,Y2Z,1,3 6 9 16,9 17,,,,Fiesta 2,World,
Normal,90.01,SID-SOUND,Yeo rae a,1,1 3 5 8 13,5 12,,,,Fiesta 2,Original,
Normal,156,DM Ashura,Allegro Con Fuoco,1,4 7 11 17 22,9 18 23,1,6,,Fiesta EX,World,
Normal,170,Doin,ASDF,1,9 17,10 17,,,,Fiesta EX,Original,
Normal,128,MAX & Rorychesell (SID-SOUND),Butterfly,1,3 6 8 13 16,7 17,2,3,,Fiesta EX,Original,
Normal,203,Doin,Cleaner,1,4 7 12 18 22 23,20 24 26,,,,Fiesta EX,Original,
Short,203,Doin,Cleaner,1,21,20,,,,Fiesta EX,Short Cut,
Full,220,Crash,Crashday,1,22,22,,,,Fiesta EX,Full Song,
Normal,220,Crash,Crashday,1,4 6 11 17 23 24,17 26,,,,Fiesta EX,K-Pop,
Remix,128,MAX,Everybody Got 2 Know,1,19,18,,,,Fiesta EX,Remix,
Normal,150,Sanxion7,Gargoyle,1,4 7 9 18 22,12 20 23,2,,,Fiesta EX,World,
Normal,145,Banya Production,Hungarian Dance V,1,4 6 8 17 18,9 17,2,,,Fiesta EX,Original,
Full,180,Doin,Interference,1,18,15 18,,,,Fiesta EX,Full Song,
Normal,180,Doin,Interference,1,11 18,12 19 21,2,3,,Fiesta EX,Original,
Normal,140,MAX & Seorryang (SID-SOUND),Jonathan's Dream,1,8 16,10 15,,,,Fiesta EX,Original,
Normal,135,SHK,Native,1,3 5 9 17 20,10 18,2,3,,Fiesta EX,Original,
Normal,173,Zicron,Necromancy,1,4 7 10 18 20,13 19 24,2,3,,Fiesta EX,World,
Normal,155,MAX,Overblow,1,4 7 10 16 18 20,12 18 20,2,3,2,Fiesta EX,Original,
Short,155,MAX,Overblow,1,18,17,,,,Fiesta EX,Short Cut,
Normal,160,V.A.,Pavane,1,3 6 10 17,16 22,2,,,Fiesta EX,Original,
Normal,200,Doin,Pine Nut,1,13 20,16,,,,Fiesta EX,Original,
Normal,144,DM Ashura feat. MC Jay & Veronica,Rave Until The Night Is Over,1,2 5 9 15,11 17,3,4,,Fiesta EX,World,
Normal,135,SHK,Reality,1,3 6 8 14 17,4 15,4,2,,Fiesta EX,Original,
Normal,175,Vospi,Smells Like A Chocolate,1,4 6 9 16,12 17,1,3,,Fiesta EX,World,
Normal,170,SHK,Take Out,1,4 7 11 17 20,13 19 22 23,,,3,Fiesta EX,Original,
Short,170,SHK,Take Out,1,18,19,,,,Fiesta EX,Short Cut,
Normal,240,Banya Production,The Devil,1,4 6 9 12 20,13 21,,,2,Fiesta EX,Original,
Short,156,Doin,Trotpris,1,14,15,,,,Fiesta EX,Short Cut,
Remix,222.22,Doin,Vacuum Cleaner,1,15 20 25,20 27,,,,Fiesta EX,Remix,
Normal,128,MAX,We Got 2 Know,1,1 5 8 17 20,4 18,2,3,2,Fiesta EX,Original,
Normal,130,Throwdown,What Happened,1,3 7 12 17 20,20 23,,,,Fiesta EX,World,
Normal,147,DM Ashura,X-Rave,1,3 6 9 17,11 20,2,6,,Fiesta EX,World,
Short,147,DM Ashura,X-Rave,1,16,18,,,,Fiesta EX,Short Cut,
Normal,96,Banya Production,2006. LOVE SONG,1,3 10 12 15,13,,5,,NX ~ NXA,Original,
Normal,135,Yahpp,Arch of Darkness,1,2 4 5 8 14 16,7 18 20,,,,NX ~ NXA,Original,
Remix,120,Banya Production,Banya-P Guitar Remix,1,22,24,,,,NX ~ NXA,Remix,
Full,190,Yahpp,Beat of The War 2 Full song,1,19,20,,,,NX ~ NXA,Full Song,
Normal,124,Banya Production,Beat the ghost,1,3 9 18 20,7 20,,,,NX ~ NXA,Original,
Remix,210,Yahpp,BEMERA,1,16 24,18 26,,,,NX ~ NXA,Remix,
Remix,105,Big metra,Big metra Remix,1,5 19,17,,,,NX ~ NXA,Remix,
Normal,170,Yahpp,Blaze Emotion,1,2 3 6 7 9 16 17,10 17 18,,,,NX ~ NXA,Original,
Normal,168,Banya Production,Bullfighter's Song,1,4 5 8 16,9 17 21,,,,NX ~ NXA,Original,
Normal,185,Yahpp,Cannon X.1,1,3 7 10 20 21,13 22,,,,NX ~ NXA,Original,
Remix,180,Banya Production,Caprice of DJ Otada,1,11 19,22 25,,,,NX ~ NXA,Remix,
Normal,160,Banya Production,Caprice of Otada,1,4 6 8 17 19,10 18 21,,,,NX ~ NXA,Original,
Normal,210,Yahpp,Chimera,1,4 7 11 16 16 23,16 25,,,2,NX ~ NXA,Original,
Full,128,Yahpp,Chopsticks Challenge,1,15,19,,,,NX ~ NXA,Full Song,
Normal,128,Yahpp,Chopsticks Challenge,1,6 17,3 16,1,,,NX ~ NXA,Original,
Normal,140,OscillatorX,Dance All Night,1,5 13,15,2,,,NX ~ NXA,World,
Normal,130,Elpis,Dance Vibrations,1,4 5 10 14,15 18,1,6,,NX ~ NXA,World,
Normal,210,Vassline,Dawn of The Apocalypse,1,4 14 21,14 21,,,,NX ~ NXA,K-Pop,
Full,162,Nina Pilots,Digan Lo Que Digan,1,7 18,,,,,NX ~ NXA,Full Song,
Normal,162,Nina Pilots,Digan Lo Que Digan,1,3 4 6 7 9 16,13 18,,8,,NX ~ NXA,World,
Normal,180,Banya Production,DJ Otada,1,4 6 8 19,14 22,,,,NX ~ NXA,Original,
Normal,120,Banya Production,Do U Know That-Old School,1,4 6 14,18,,8,,NX ~ NXA,Original,
Remix,156,Banya Production,Dr.KOA,1,8 18,20,,,,NX ~ NXA,Remix,
Normal,151,Zig Zag,Energizer,1,4 7 9 16,11 17,2,,,NX ~ NXA,World,
Remix,200,Banya Production,EXTRA BanYa Remix,1,8 21,13,,,,NX ~ NXA,Remix,
Normal,162,Yahpp,Faster Z,1,6 8 12 16 19 20,14 20 23,,,,NX ~ NXA,Original,
Normal,170,Yahpp,Final Audition Ep. 2-1,1,3 4 7 18 20 21,9 21 22,,,,NX ~ NXA,Original,
Normal,200,Yahpp,Final Audition Ep. 2-2,1,7 16 17 21 22,18 23 24,,,,NX ~ NXA,Original,
Normal,170,Yahpp,Final Audition Ep. 2-X,1,3 5 8 17 23,21 24,,2,,NX ~ NXA,Original,
Normal,120,Banya Production,Guitar Man,1,3 9 13 18,10 13 19,,,,NX ~ NXA,Original,
Normal,104,Banya Production,Gun Rock,1,5 11 17 18,11 18 22,,,,NX ~ NXA,Original,
Normal,150,Banya Production,Higgledy Piggledy,1,2 6 9 14 16,8 15,1,,,NX ~ NXA,Original,
Normal,120,Banya Production,Jam O Beat,1,7 14,14,,,,NX ~ NXA,Original,
Normal,156,Banya Production,K.O.A : Alice In Wonderworld,1,2 3 5 8 17,10 18,,,,NX ~ NXA,Original,
Full,162,Yahpp,Love is a Danger Zone 2 Full song,1,19,21,,,,NX ~ NXA,Full Song,
Normal,162,Banya,Love is a Danger Zone pt.2 Another,1,16 17,,,,2,NX ~ NXA,Original,
Normal,130,Banya Production,Money,1,10 14,12 16,4,,,NX ~ NXA,Original,
Remix,170,Banya Production,Money Fingers,1,8 16,9 17,,,,NX ~ NXA,Remix,
Normal,180,Banya Production,Monkey Fingers 2,1,6 10 17,9 19,,,,NX ~ NXA,Original,
Remix,120,msgoon,msgoon RMX pt.1,1,7 17 17,,,,,NX ~ NXA,Remix,
Remix,168,msgoon,msgoon RMX pt.3,1,6 17,11 20,,,,NX ~ NXA,Remix,
Normal,136,Banya Production,My Dreams,1,4 10 17 18,18,,5,,NX ~ NXA,Original,
Remix,160,Nina Pilots & PXNDX,Nina Pxndx Mix,1,6 16,8,,,,NX ~ NXA,Remix,
Full,98,Big metra,Panuelito Rojo,1,9 16,18,,,,NX ~ NXA,Full Song,
Normal,98,Big metra,Panuelito Rojo,1,5 10 17,18,1,4,,NX ~ NXA,World,
Full,160,PXNDX,Procedimientos Para Llegar A Un Común Acuerdo,1,6 17,7,,,,NX ~ NXA,Full Song,
Normal,160,PXNDX,Procedimientos Para Llegar A Un Común Acuerdo,1,3 7 15 18,7 16 19,,,,NX ~ NXA,World,
Normal,162,Yahpp,Pumptris 8Bit ver.,1,3 5 8 16 17,,15,,2,NX ~ NXA,Original,
Normal,153,Yahpp,Pumptris Quattro,1,3 7 12 17 19,13 20 22,10,2,,NX ~ NXA,Original,
Normal,136,Yahpp,Solitary 1.5,1,7 16,18,4,6,,NX ~ NXA,Original,
Normal,134,Banya Production,The People didn't know,1,2 5 12 15,7 17,,,,NX ~ NXA,Original,
Remix,134,Banya Production,The People didn't know “Pumping Up”,1,7,4 17,,,,NX ~ NXA,Remix,
Normal,104,Banya Production,Toccata,1,4 7 10 17,14 17,3,6,,NX ~ NXA,Original,
Full,105,Big metra,Trato De No Trabarme,1,10 22,24,,,,NX ~ NXA,Full Song,
Remix,162,Banya Production,Turkey Virus,1,8 15,11,,,,NX ~ NXA,Remix,
Normal,92,Banya Production,Ugly Dee,1,3 5 9,11 15,,,,NX ~ NXA,Original,
Remix,195,Yahpp,WI-EX-DOC-VA,1,15 21,15 23,,,,NX ~ NXA,Remix,
Normal,122,Yahpp,Witch Doctor #1,1,2 5 8 9 15 16 18,17 19 20,3,7,,NX ~ NXA,Original,
Normal,200,SLAM,1950,1,17 20 23 25,21 25 27,,3,,Prime,Original,
Normal,200,D_AAN,Achluoias,1,8 15 18 22 24,12 16 24 26,,3,,Prime,World,
Normal,130,Zicron,Across the Ocean,1,3 6 9 15,11 16,,,,Prime,World,
Normal,152,TatshMusicCircle,"Ai, Yurete...",1,1 3 6 9 13 16,8 15 18,,,,Prime,J-Music,
Normal,160,DM Ashura,Allegro Piu Mosso,1,4 6 11 16 19,13 19,,,,Prime,Original,
Normal,125,Bakusute Sotokanda Icchome,Amai Yuuwaku Dangerous,1,1 3 6 11 15,5 10 16,,3,,Prime,J-Music,
Normal,150,Gentle Stick,Amphitryon,1,6 11 18,12 20,,,,Prime,Original,
Normal,192,DM Ashura,Annihilator Method,1,7 10 15 19 23,12 20 24,,4,,Prime,Original,
Normal,175,Memme,Avalanche,1,4 6 9 18 22,10 19 24,,3,3,Prime,Original,
Remix,175,MAX & MEMME,Avalanquiem,1,19 23,25,,,,Prime,Remix,
Normal,158,MAX,B2,1,4 7 11 16 18,13 19,,3,,Prime,Original,
Normal,204,HitoshizukuP X YamaΔ,Bad ∞ End ∞ Night,1,2 4 6 10 13 17 19,11 18 23,,4,3,Prime,J-Music,
Full,138,Masayoshi Minoshima,Bad Apple!! feat. Nomico,1,10 14 17,11 18 22,,,4,Prime,Full Song,
Normal,138,Masayoshi Minoshima,Bad Apple!! feat. Nomico,1,1 3 5 9 13 15 17 19,10 18 21,,2,,Prime,J-Music,
Full,134,Crayon Pop,Bar Bar Bar,1,6,15,,,,Prime,Full Song,
Normal,134,Crayon Pop,Bar Bar Bar,1,3 5 8 14,4 11 15,,,3,Prime,K-Pop,
Remix,170,Banya & Warak,Beethoven Influenza,1,18 21,21,,,,Prime,Remix,
Normal,192,Yahpp,Blaze Emotion (Band Version),1,2 8 17,4 18,,,,Prime,Original,
Normal,176,MAZO,Break It Down,1,7 14 16,5 12 17,,,,Prime,Original,
Normal,140,Cashew,Campanella,1,6 9 16,10 16,,,,Prime,Original,
Normal,175,Memme,Chinese Restaurant,1,4 7 10 16 18,10 17 20,,3,,Prime,Original,
Normal,128,SID-SOUND,Cosmical Rhythm,1,3 6 8 15,10 16 18,,2,,Prime,World,
Full,163,TatshMusicCircle,Creed - 1st Desire -,1,18 23,19 24,,,,Prime,Full Song,
Normal,163,TatshMusicCircle,Creed - 1st Desire -,1,4 7 12 18 21,11 18 23,,5,,Prime,J-Music,
Normal,149,SID-SOUND,Dolly Kiss,1,3 6 14 17,6 15,,3,,Prime,World,
Normal,135,AOA,ELVIS,1,2 4 7 15 17,5 16,,3,,Prime,K-Pop,
Normal,128,Warak,Elysium,1,4 8 15,10 16,,2,,Prime,Original,
Normal,170,Matduke,Enhance Reality,1,9 14 16 19,11 18 20,,,,Prime,World,
Normal,175,3R2,Feel My Happiness,1,3 10 17,6 18 21,,,,Prime,World,
Normal,158,Cherry Filter,Flying Duck,1,3 7 10 16,11 18,,,,Prime,K-Pop,
Normal,180,Memme,Force of Ra,1,7 12 17 19,12 20,,,,Prime,Original,
Full,178,TatshMusicCircle,FOUR SEASONS OF LONELINESS ver β,1,14 19,14 19,,,,Prime,Full Song,
Normal,178,TatshMusicCircle,FOUR SEASONS OF LONELINESS ver β,1,1 4 6 10 14 17 20,10 14 18 21,,2,2,Prime,J-Music,
Normal,123,Dal Shabet,"Hate, Don't Hate!",1,2 4 6 15,6 16,,2,,Prime,K-Pop,
Normal,178,AKB48,Heavy Rotation,1,2 4 5 9 16 18,6 16 19,,,2,Prime,Original,
Short,178,AKB48,Heavy Rotation,1,10 15 18,9 16 20,,,,Prime,Short Cut,
Normal,162,Block B,HER,1,4 6 9 16,7 17,,3,2,Prime,K-Pop,
Normal,150,Gentle Stick,Hestia,1,4 7 10 18,11 20,,,,Prime,Original,
Normal,225,Last Note.,Houkago Stride,1,3 6 10 15 19,10 16 21,,,,Prime,J-Music,
Normal,192,Yahpp,Hyacinth,1,9 13 18 21,12 19 23,,,,Prime,Original,
Normal,145,MAX,HYPERCUBE,1,6 10 15 17,10 16 20,,4,,Prime,Original,
Normal,131,CNBLUE,I'm Sorry,1,4 6 9 16,8 17,,3,,Prime,K-Pop,
Normal,140,ETIA.,Idealized Romance,1,2 4 7 11 16 18,10 18,,,,Prime,J-Music,
Normal,175,Sakuzyo,Imprinting,1,4 7 11 17 20,12 16 20 24,,4,,Prime,J-Music,
Normal,170,Norazo,Ineffective Boss Without Power,1,4 6 8 18,5 19,,3,3,Prime,K-Pop,
Normal,170,void,Just Hold On (To All Fighters),1,4 7 10 16 21,12 18 22 25,,2,,Prime,J-Music,
Normal,173,Vesuvia & REDSHIFT,Karyawisata,1,4 7 10 15 17 20,7 16,,4,,Prime,World,
Normal,180,M2U,Katkoi,1,7 10 14 18,12 15 19,,,,Prime,Original,
Normal,170,Warak,Latino Virus,1,3 7 9 17,12 19,,3,2,Prime,Original,
Normal,180,Doin,Leakage Voltage,1,10 15 17 20,12 19 22,,,,Prime,Original,
Normal,155,SHK,Like Me,1,6 10 14 17,11 18,,,2,Prime,Original,
Normal,125,Daddy Yankee,Limbo,1,2 4 6 15,5 15,,,,Prime,World,Latin America
Normal,125,Outsider,Loner,1,3 5 8 15 19,6 17 22,,,,Prime,K-Pop,
Normal,139,Paul Bazooka,Mad5cience,1,5 16 20,7 16,,,,Prime,Original,
Normal,168,Cranky,MATADOR,1,4 7 10 18 21,7 16 19 21,,3,,Prime,World,
Normal,135,Lylloo feat. Egas,Melodia,1,2 4 6 14,4 15,,,,Prime,World,Latin America
Normal,136,Paul Bazooka,Meteorize,1,3 5 10 15 17,8 16 18,,3,,Prime,Original,
Normal,175,3R2,Milky Way Galaxy,1,6 11 17,11 18,,2,,Prime,World,
Normal,136,ETIA.,Mitotsudiara,1,1 4 9 15 18,10 16 19,,,,Prime,J-Music,
Normal,158,MAX,Moment Day,1,3 6 10 15 17 18,9 16 19,,,2,Prime,Original,
Full,145,DM Ashura,Move That Body!,1,17 18,19,,,,Prime,Full Song,
Normal,145,DM Ashura,Move That Body!,1,3 5 8 12 17 20,10 18,,,,Prime,Original,
Short,145,DM Ashura,Move That Body!,1,16,18,,,,Prime,Short Cut,
Normal,160,M2U,Nemesis,1,4 7 11 16 18,12 20,,4,2,Prime,Original,
Full,106,Apink,NoNoNo,1,14 15,16,,,,Prime,Full Song,
Normal,106,Apink,NoNoNo,1,2 3 5 14,5 14,15,4 15,2,Prime,K-Pop,
Normal,119,VIXX,On and On,1,2 4 6 15,5 15,,5,,Prime,K-Pop,
Normal,135,Epik High,One,1,1 3 5 15,5 16,,3,,Prime,K-Pop,
Full,140,KARA,Pandora,1,17,18,,,,Prime,Full Song,
Normal,140,KARA,Pandora,1,2 4 7 16,6 16,,4,,Prime,K-Pop,
Remix,220,MAX & NATO,PARADOXX,1,21 23 26,25 28,,,,Prime,Remix,
Normal,170,SynthWulf,Point Zero One,1,9 16 20,10 17 22,,4,,Prime,Original,
Normal,165,Tatsh,PRIME,1,4 7 11 16 18 20,12 16 18 20,,,,Prime,J-Music,
Short,128,MAX,PRIME Opening,1,15,15,,,5,Prime,Short Cut,
Normal,130,Wisin Ft. Michel Teló,Que Viva La Vida,1,2 4 6 16,7 16,,,,Prime,World,Latin America
Normal,188,ETIA.,Queen Of The Red,1,4 7 11 15 18,12 16 19,,3,,Prime,J-Music,
Normal,170,SynthWulf,Ragnarok,1,7 11 16 18 20,9 13 17,,,,Prime,World,
Normal,170,Cashew,Red Snow,1,7 11 16 19,12 18 20,,,,Prime,Original,
Normal,172,Yahpp,Red Swan,1,4 6 8 18,12 20 21,,4 20,2,Prime,Original,
Normal,155,MAX,Reminiscence,1,3 6 10 15 17,10 17 18,,3,2,Prime,Original,
Normal,180,Doin,Removable Disk0,1,3 6 15,5 16,,,,Prime,Original,
Normal,190,Last Note.,Renai Yuusha,1,3 6 12 17 19,4 13 18 20,,,3,Prime,J-Music,
Normal,160,MAX,Requiem,1,4 7 11 16 19,9 19 23,,4,,Prime,Original,
Normal,198,CYO Style,Robot Battle,1,8 12 18 21,12 19 23,,5,,Prime,Original,
Normal,175,Matduke,Rock The House,1,7 10 17,10 13 18 22,,3,,Prime,World,
Short,175,Matduke,Rock The House,1,15 18,20,,,,Prime,Short Cut,
Normal,113,r300k,Scorpion King,1,3 5 8 15 19,10 16 20,,3,,Prime,Original,
Normal,160,SID-SOUND,Selfishness,1,3 6 11 17,12 18 21,,3,,Prime,World,
Short,160,SID-SOUND,Selfishness,1,17,18,,,,Prime,Short Cut,
Normal,145,Last Note.,Setsuna Trip,1,1 3 5 9 13 16 18,8 14 19,,3,2,Prime,J-Music,
Normal,167,Nato,Silhouette_Effect,1,4 7 10 18,12 20,,4,,Prime,Original,
Short,167,Nato,Silhouette_Effect,1,18,17,,,,Prime,Short Cut,
Normal,175,you,Smile Diary,1,4 7 11 16 19,8 17 20,,,,Prime,J-Music,
Normal,172,TatshMusicCircle,Sora no Shirabe,1,3 8 12 15 18,11 16 20,,,2,Prime,J-Music,
Normal,175,typeMARS,Stardust Overdrive,1,4 9 16 18,5 13 16 19 24,,3,,Prime,World,
Short,175,typeMARS,Stardust Overdrive,1,16,17,,,,Prime,Short Cut,
Normal,152,void,Sudden Romance [PIU Edit],1,4 6 9 14 19,8 14 19,,,,Prime,J-Music,
Normal,174,MAX,Sugar Conspiracy Theory,1,1 3 6 10 15 18 19,7 11 17 20,,5,2,Prime,Original,
Full,128,T-ARA,Sugar Free,1,15,15,,,,Prime,Full Song,
Normal,128,T-ARA,Sugar Free,1,4 6 8 15 17,5 16 18,,3,,Prime,K-Pop,
Normal,145,SHK,Super Fantasy,1,4 7 10 14 16 19,11 18 21,,2,2,Prime,Original,
Short,145,SHK,Super Fantasy,1,19,17,,,,Prime,Short Cut,
Normal,112,Supreme Team,Supermagic,1,2 4 6 14,5 15,,4,,Prime,K-Pop,
Normal,160,MAX & DOOM,THE REVOLUTION,1,7 11 17 19,12 19 22,,3,,Prime,World,
Normal,230,Last Note.,Trashy Innocence,1,1 3 5 10 14 20,10 15 24,,4,2,Prime,J-Music,
Normal,128,Miura Daichi,Unlock,1,2 3 5 7 11 14,3 9 15,,,,Prime,Original,
Normal,126,SHINWHA,VENUS,1,2 3 5 14,6 14,,,,Prime,K-Pop,
Normal,136,Block B,Very Good,1,3 6 9 15,5 15,,4,,Prime,K-Pop,
Normal,198,Vospi,Video Out C,1,9 14 17 22,14 23,,4,,Prime,World,
Normal,140,SHK,Violet Perfume,1,4 6 8 14 17,10 15 19,,4,,Prime,Original,
Normal,200,Nato,Yog-Sothoth,1,9 18 21 23,17 23 25,,5,3,Prime,Original,
Short,200,Nato,Yog-Sothoth,1,13 18 21,16 21,,,,Prime,Short Cut,
Normal,198,Bakusute Sotokanda Icchome,Yoropiku Pikuyoro!,1,3 5 9 15,5 16,3,4,,Prime,J-Music,
Normal,137,CYO Style & Henohenomoheji,You Again My Love,1,1 3 6 14,6 14,,,,Prime,Original,
Normal,128,MAX,You Got Me Crazy,1,4 6 9 17 18,5 18,,4,,Prime,Original,
Normal,130,Outsider,Acquaintance,1,3 7 9 17,7 18,,4,2,Prime 2,K-Pop,
Normal,175,mzet:-p,Arcana Force,1,4 9 16,10 17,,2,,Prime 2,Original,
Normal,148,ATAS,Asterios -ReEntry-,1,4 6 11 14 17,8 18,,3,,Prime 2,Xross,
Full,135,BIG BANG,BANG BANG BANG,1,6 18,20,,,,Prime 2,Full Song,
Normal,135,BIG BANG,BANG BANG BANG,1,1 3 5 10 15,6 16,3,3,,Prime 2,K-Pop,
Normal,125,BLACKPINK,BOOMBAYAH,1,2 4 6 9 13,7 15,,3,2,Prime 2,K-Pop,
Normal,160,Lunatic Sounds,Bring Back The Beat,1,7 12 17,8,,5,,Prime 2,Original,
Normal,170,Warak,Christmas Memories,1,3 5 8 14,9 15,,4,2,Prime 2,Xross,
Normal,160,SHK,Death Moon,1,3 6 10 14 17,7 17,,3,,Prime 2,Xross,
Short,160,SHK,Death Moon,1,9 15 19 22,17 22,,,,Prime 2,Short Cut,
Normal,194,Doin,Further,1,10 18 22,14 17 22,,3,,Prime 2,Original,
Normal,152,Nato,God Mode feat. Skizzo,1,5 8 13 18,9 17,,4,,Prime 2,Original,
Normal,170,Memme,Hellfire,1,7 11 15,9 23,,4,,Prime 2,Original,
Normal,130,Block B,Jackpot,1,1 3 6 9 15,6 15,,3,,Prime 2,K-Pop,
Normal,120,SHK,Last Rebirth,1,3 5 8 13,7 14,,3,,Prime 2,Original,
Normal,165,KEIN,Le Grand Bleu,1,7 12 16 20,9 18,,6,2,Prime 2,Xross,
Normal,106,GFriend,Me Gustas Tu,1,2 4 6 13,6 14 16,,4,,Prime 2,K-Pop,
Normal,182,TatshMusicCircle,Moon Light Dance,1,3 7 11 14,4 15,,4,2,Prime 2,J-Music,
Normal,128,T-ARA,NUMBER NINE,1,3 5 8 11 13,8 15,,4,,Prime 2,K-Pop,
Normal,128,PRODUCE101,PICK ME,1,1 3 5 8 13,6 10 16,,3,,Prime 2,K-Pop,
Normal,82,iKON,RHYTHM TA,1,2 4 7 10 15,5 11,,4,,Prime 2,K-Pop,
Normal,157,MAX,Sarabande,1,2 4 7 12 16 20,11 18 24,,4,,Prime 2,Original,
Short,157,MAX,Sarabande,1,9 16 18,17,,,,Prime 2,Short Cut,
Normal,112,EXID,Up&Down,1,2 4 7 9 15,5 15,,5,,Prime 2,K-Pop,
Remix,175,Memme,Vulcan,1,22,24,,,,Prime 2,Remix,
Normal,122,MAMAMOO,You're the best,1,2 4 6 10 15,7 10,,2,2,Prime 2,K-Pop,
Normal,140,Transin,Clue,1.01,4 8 12 16 18,10 18 20,,4,,Prime 2,Xross,
Normal,125,Vospi,Just Kiddin,1.01,5 13 16,9 18,,5,,Prime 2,World,
Full,106,GFriend,Me Gustas Tu,1.01,16,17,,,,Prime 2,Full Song,
Full,125,BLACKPINK,BOOMBAYAH,1.02,10 17,18,,,,Prime 2,Full Song,
Normal,200,Dreamcatcher,Chase Me,1.02,3 5 9 15 18,11 19,,3,,Prime 2,K-Pop,
Normal,170,MAX,Kasou Shinja,1.02,4 7 9 16 18,12 19,,3,,Prime 2,Original,
Normal,156,SID-SOUND,STEP,1.02,7 13 17,12 18,,2,,Prime 2,World,
Full,82,Yassi Pressman & Nadine Lustre,HUSH,1.03,15,16,,,,Prime 2,Full Song,Philippines
Normal,145,M2U,Hyperion,1.03,5 9 14,11 18,,4,,Prime 2,Xross,
Normal,176,DM Ashura,Allegro Furioso,1.04,5 10 13 17 20,14 20,,4,,Prime 2,Original,
Normal,196,Dreamcatcher,Good Night,1.04,3 5 9 17 20 23,5 19 22 24,,3,,Prime 2,K-Pop,
Short,145,MAX,PRIME2 Opening,1.04,7 12 17,18,,,,Prime 2,Short Cut,
Normal,170,Archefluxx,Redline,1.04,5 10 16 18,13 19 20 21,,5,,Prime 2,Xross,
Normal,146,Warak,Super Stylin',1.04,7 9 11 17,9 12,,4,,Prime 2,Xross,
Normal,160,Rainbowdragoneyes,Seize My Day,1.05,2 6 10 14 18,7 12 19,,4,,Prime 2,World,
Normal,160,Nato,Start On Red,1.05,4 8 11 15 19,12 18 20,,3,,Prime 2,Xross,
Full,112,EXID,Up&Down,1.05,8 18,19,,,,Prime 2,Full Song,
Normal,152,void,Utsushiyo No Kaze feat. Kana,1.05,7 11 16,11 19,,5,,Prime 2,Original,
Full,130,Outsider,Acquaintance,1.06,20,22,,,,Prime 2,Full Song,
Normal,154,SID-SOUND,Magical Vacation,1.06,6 11 16,7 13,,3,,Prime 2,Xross,
Normal,220,Nato,Shub Niggurath,1.06,11 15 19 21 24,17 23 26,,3,,Prime 2,Original,
Normal,135,BIG BANG,SOBER,1.06,2 4 7 13,3 14,,3,,Prime 2,K-Pop,
Normal,183,SANY-ON,BEDLAM,1.07,8 15 18 22,13 20 24,,4,,Prime 2,Xross,
Normal,162,MAZO,Hey U,1.07,5 10 15,10 16,,4,,Prime 2,Original,
Remix,200,Doin,Leather,1.07,18 21 24,22 26,,,,Prime 2,Remix,
Normal,155,MAX,Overblow 2,1.07,5 9 15,7 14,,3,,Prime 2,Original,
Normal,157,DM Ashura,Fallen Angel,1.08,6 10 17 19,10 15 21,,3,,Prime 2,World,
Normal,130,2NE1,Gotta Be You,1.08,3 5 8 15 17,6 16 18,,3,,Prime 2,K-Pop,
Short,220,Nato,Shub Niggurath,1.08,18 22,23,,,,Prime 2,Short Cut,
Full,200,Dreamcatcher,Chase Me,1.09,19,25,,,,Prime 2,Full Song,
Normal,170,Archefluxx,Kill Them!,1.09,5 10 15,9 19,,4,,Prime 2,Xross,
Normal,119,r300k,Time Attack <Blue>,1.09,8 15 18,10 16 20,,3,,Prime 2,Xross,
Normal,160,Brandy,Cross Time,1.1,3 7 11 15,11 17,,3,,Prime 2,Xross,
Normal,148,DJ Counterforce,Heart Attack,1.1,7 11 16 18,9 18 20,,3,,Prime 2,Original,
Normal,185,AmamoriP,Keep On!,1.1,6 12 15 18 21,12 17 20 22,,3,,Prime 2,Xross,
Normal,145,Dasu feat. Kagamine Len,Nakakapagpabagabag,1.1,10 14 18,15,,4,2,Prime 2,World,
Normal,170,void,Anguished Unmaking,2,3 5 8 15 17,9 18 22,,,,Prime 2,Original,
Normal,80,Wanna One,Beautiful,2,2 3 5 9 15,5 12,,,,Prime 2,K-Pop,
Normal,125,Wanna One,Energetic,2,2 4 6 9 13 16,6 14 16 19,,,,Prime 2,K-Pop,
Normal,147,Quree,HTTP,2,2 4 7 14 17 21,10 12 19 23,,,,Prime 2,Original,
Short,145,M2U,Hyperion,2,15 20,21,,,,Prime 2,Short Cut,
Normal,175,Lunatic Sounds,INFINITY,2,10 15 18 21,10 19 24,,,3,Prime 2,Xross,
Short,170,MAX,Kasou Shinja,2,20 21,,,,,Prime 2,Short Cut,
Normal,103,WINNER,Really Really,2,2 4 6 13 15,7 16,,,,Prime 2,K-Pop,
Normal,150,SHK,Super Capriccio,2,4 7 11 16 18,11 18,,,,Prime 2,Original,
Normal,142,Jehezukiel,Twist of Fate (feat. Ruriling),2,4 6 10 16 18,10 17 20,,,,Prime 2,Original,
Normal,160,Beautiful Day,V3,2,6 9 14 17,9 18 21 24,,,,Prime 2,Xross,
Normal,128,PRODUCE101,PICK ME (101 Trainee Boys),2.01,2 4 6 14 17,5 16 18,,,,Prime 2,K-Pop,
Normal,160,5argon,Rave'til the earth's end,2.01,4 7 15 17 19,13 18 20,,,,Prime 2,Original,
Normal,136,Brandy,The Festival of Ghost2 (Sneak),2.01,9 16 18,10 18,,,,Prime 2,Xross,
Normal,175,Triplestar,Donatello,2.02,12 17 21,18,,,,Prime 2,Xross,
Normal,160,Neutral Moon,Travel to Future,2.02,3 7 11 17 19,12 18 21 23,,,,Prime 2,Original,
Normal,150,Skizzo,Up & Up (Produced by AWOL),2.02,3 5 8 17,9 18 20,,,,Prime 2,Original,
Normal,150,typeMARS,Awakening,2.03,7 10 14 16 19,9 13 17 20,,,,Prime 2,Original,
Normal,174,P4Koo,Gothique Resonance,2.03,7 11 18 20,12 20,,,,Prime 2,Xross,
Normal,175,mzet:-p,Passing Rider,2.03,8 12 16 20,10 20,,,,Prime 2,Original,
Normal,153,Tatsh,SilverBeat feat. ChisaUezono,2.03,4 7 12 16 18,7 12 18,,,,Prime 2,Original,
Normal,180,Memme,Tritium,2.03,8 12 17 20,10 14 19 22,,,,Prime 2,Original,
Normal,186,STREME REVERIE,A Site De La Rue,2.04,8 11 17 20,12 20 24,,,,Prime 2,Xross,
Normal,162,Memme,Black Dragon,2.04,5 8 11 17 20,11 17 19,,,,Prime 2,Xross,
Normal,200,HyuN,Cross Over,2.04,7 11 15 18 22,14 19 23,,,,Prime 2,Original,
Full,150,Sanxion7,Gargoyle,2.04,20 21 23,22 25,,,2,Prime 2,Full Song,
Normal,125,Cashe,Waltz of Doge,2.04,8 11 14 17 19,12 18 20,,,2,Prime 2,Original,
Normal,175,Lunatic Sounds,Break Out,2.05,4 8 12 16 19,12 18 22,,,,Prime 2,Original,
Normal,180,Memme,BSPower Explosion,2.05,8 11 17 20 22,13 20 23,,,,Prime 2,Xross,
Normal,220,D_AAN,ESCAPE,2.05,15 18 21 24,19 22 24,,,,Prime 2,Original,
Remix,220,Nato & EXC,Shub Sothoth,2.05,25,27,,,,Prime 2,Remix,
Normal,200,Doin,The Quick Brown Fox Jumps Over The Lazy Dog,2.05,10 17 20 23,14 24,,,,Prime 2,Original,
Normal,170,Aragon,Visual Dream II (In Fiction),2.05,5 8 16 18,10 19,,,,Prime 2,Xross,
